env_label,dataset,lib,fmt,n_trees,batch,bytes,interpreter_floor_s,t_numpy_s,t_import_s,t_load_s,t_first_pred_s,ttfp_s,t_steady_p50_s,t_steady_p95_s,t_process_wall_s,n_obs,import_share_pct
A,breast,cat,joblib,100,1,121057.0,0.04375526900003,0.08484003000012301,1.596315775999755,0.0016521709999320002,0.003993328999968,1.7253682509999622,0.00044991000004300003,0.000501151999742,2.349200213000131,5,92.52029386043165
A,breast,cat,joblib,100,32,121057.0,0.04375526900003,0.086173801999848,1.639491933000044,0.0015333060000550002,0.004897254999832,1.7678926160001518,0.0005388409999790001,0.0006466609997910001,2.352814056999705,5,92.73707679764998
A,breast,cat,joblib,100,1024,121057.0,0.04375526900003,0.075118184000075,1.674437594999744,0.001295747000312,0.006226175999927,1.7990948389997332,0.0019169289998890002,0.0039772700001770005,2.415085222000016,5,93.07111324551981
A,breast,cat,joblib,500,1,566858.0,0.04375526900003,0.07658513399974201,1.6026086960000612,0.001893006000045,0.003944315999888,1.7280335690002162,0.00042384800008200005,0.000471578000087,2.1807155219999,5,92.74175714811363
A,breast,cat,joblib,500,32,566858.0,0.04375526900003,0.074107348999859,1.625434364000284,0.0026063709997280003,0.0060818930001,1.752350850999844,0.000583806000122,0.0014211819998300001,2.216043999000248,5,92.75735866894777
A,breast,cat,joblib,500,1024,566858.0,0.04375526900003,0.073973088999991,1.6100657470001352,0.0018725879999690002,0.006319857000107,1.7398150509998211,0.002336847999686,0.0026989370003320003,2.35963149600002,5,92.54235075589656
A,breast,cat,joblib,2000,1,2237386.0,0.04375526900003,0.07479787500005801,1.6115245219998542,0.004772759999923,0.0042068119996650005,1.7481484400000211,0.00047198900028800006,0.0005315910002530001,2.186689922999903,5,92.18465006323116
A,breast,cat,joblib,2000,32,2237386.0,0.04375526900003,0.07470330199976101,1.59828855600017,0.0041327809999520005,0.005009733999941,1.7258896419998542,0.000734507999823,0.0008999970000330001,2.221265472000141,5,92.60664860055434
A,breast,cat,joblib,2000,1024,2237386.0,0.04375526900003,0.082568221000201,1.5990682749998082,0.004125143000237,0.007823382999958,1.731574131999875,0.003725572999883,0.0047147780001060005,2.539814363000005,5,92.3476647894347
A,breast,cat,native,100,1,120184.0,0.04375526900003,0.074863325000023,1.6377242169996862,0.001587927999935,0.0036390920004120003,1.7612606259995103,0.000291729000309,0.00036305399999000005,2.203518412999983,5,92.9859097980052
A,breast,cat,native,100,32,120184.0,0.04375526900003,0.07515527599980401,1.626499627000157,0.0015071600000730002,0.004525745999671001,1.750094946000442,0.000415886999689,0.000507834000018,2.233017153000219,5,92.93779350184731
A,breast,cat,native,100,1024,120184.0,0.04375526900003,0.07526668099990201,1.605523674000323,0.0014713989999100001,0.0051897079997610005,1.731324310000215,0.001063141000031,0.001489889999902,2.282799100999909,5,92.73384915389559
A,breast,cat,native,500,1,565984.0,0.04375526900003,0.075164169999879,1.627444841000397,0.002361128999837,0.0035344069997330003,1.752229388000158,0.000303071999951,0.00035050499991400003,2.185216985999886,5,92.87852675829281
A,breast,cat,native,500,32,565984.0,0.04375526900003,0.08608386700007001,1.613514143999964,0.0025130099998020004,0.004623459999947,1.7490592399999494,0.00045278800007500004,0.0005550350001610001,2.297406882000359,5,92.25039993499652
A,breast,cat,native,500,1024,565984.0,0.04375526900003,0.075837485999727,1.600013418999879,0.0025497639999230003,0.0056319020000040005,1.723942276999876,0.001751139000134,0.0021568030001610002,2.293846768000094,5,92.81131046825612
A,breast,cat,native,2000,1,2236512.0,0.04375526900003,0.079708062000008,1.6337128479999592,0.006559164999998,0.004221238000354,1.7622209760002052,0.000424486000156,0.000488049000068,2.244785196000066,5,92.7076042249862
A,breast,cat,native,2000,32,2236512.0,0.04375526900003,0.07296862900011501,1.6120779259999831,0.006000900999879001,0.004673776999879,1.7393922469996121,0.0005732960003110001,0.00065923000011,2.223525229000188,5,92.68052843059169
A,breast,cat,native,2000,1024,2236512.0,0.04375526900003,0.076245480000125,1.602212162999876,0.0066668179997570005,0.007209601000340001,1.745975846999497,0.003074781000123,0.005996399000196001,2.495971812999869,5,91.76599812381812
A,breast,cat,onnx,100,1,538223.0,0.04375526900003,0.112510800000109,0.058490745999733,0.025553301999934,0.0006734479998150001,0.23867839100057398,2.1860000288143052e-05,3.9774000015313504e-05,0.308976859000267,5,24.50609196523046
A,breast,cat,onnx,100,32,538223.0,0.04375526900003,0.109813467999629,0.05898869900011001,0.025846808000096002,0.0009655890003150001,0.23953614300034798,0.000274170000011,0.000337270999807,0.332008287000007,5,24.6262206033869
A,breast,cat,onnx,100,1024,538223.0,0.04375526900003,0.076285606000055,0.042288598999675006,0.016853756999807002,0.006220131000191,0.18637528999988504,0.005287943999974,0.006736687999818001,0.7629215440001641,5,22.690024519720982
A,breast,cat,onnx,500,1,2757944.0,0.04375526900003,0.073609562000001,0.041226623999591004,0.070012088999646,0.0007347920000020001,0.23164291699958903,3.0604000130551874e-05,4.507599987846334e-05,0.27053452800009803,5,17.79748957299832
A,breast,cat,onnx,500,32,2757944.0,0.04375526900003,0.075320972000099,0.045947194999826003,0.069955557999946,0.001441684999917,0.236838798000006,0.0006236159997570001,0.000719655000011,0.33757993199969805,5,19.400197682064253
A,breast,cat,onnx,500,1024,2757944.0,0.04375526900003,0.073372889999973,0.041386257999874006,0.07101459799969201,0.019807525000032,0.249010538999753,0.017631082999741,0.021554669000124,2.10487421200014,5,16.62028369004697
A,breast,cat,onnx,2000,1,11109288.0,0.04375526900003,0.079005875999882,0.041466110999863005,0.284600577000219,0.0015546909999100001,0.445656106000113,0.000315633999889,0.000404680999963,0.547335473999737,5,9.304508665220103
A,breast,cat,onnx,2000,32,11109288.0,0.04375526900003,0.07880435700008001,0.041518262999943004,0.291136947999802,0.0035688199996000004,0.4516011249997951,0.002102377000028,0.0026439020002720004,0.7292974910001241,5,9.19356943585157
A,breast,cat,onnx,2000,1024,11109288.0,0.04375526900003,0.083425798000007,0.041694115999689,0.292252918000031,0.067743013999916,0.52090661899956,0.066477845000008,0.117485027000384,8.511275936999937,5,8.004144021008152
A,breast,cat,pickle,100,1,121057.0,0.04375526900003,0.076106434000394,1.613195812999947,0.000932895999994,0.003914516999884,1.7376479470008221,0.000403530000312,0.000462804000108,2.171328793000157,5,92.83789710017616
A,breast,cat,pickle,100,32,121057.0,0.04375526900003,0.07457917800002101,1.590619292000155,0.0008496430000370001,0.0048902730000000005,1.713303825000364,0.000542141000096,0.000608465999903,2.169848602999991,5,92.83930081693578
A,breast,cat,pickle,100,1024,121057.0,0.04375526900003,0.075664599999981,1.660935439999775,0.0008405040002790001,0.0058496830001780005,1.786562936999869,0.001900817999739,0.0021604220000880003,2.399540794000131,5,92.96820199286923
A,breast,cat,pickle,500,1,566858.0,0.04375526900003,0.083157147999827,1.645056620000104,0.00162493300013,0.004002058999958,1.777546784999683,0.00043087199992400003,0.000476709999929,2.236010345000068,5,92.54645975466673
A,breast,cat,pickle,500,32,566858.0,0.04375526900003,0.07540099500010901,1.646118532999935,0.0015514920000890002,0.004881421999925001,1.7704996319998811,0.000585860999763,0.0006694710000370001,2.258866746999956,5,92.97480232405073
A,breast,cat,pickle,500,1024,566858.0,0.04375526900003,0.073510922000423,1.617864201999964,0.0014581919999720001,0.006325187999664,1.746007683999776,0.002310764999947,0.003080968000176,2.378257146999658,5,92.6607721618808
A,breast,cat,pickle,2000,1,2237386.0,0.04375526900003,0.07385061199966,1.5970820839997941,0.004619536000063,0.004342911000094,1.7206267059996192,0.000517513999966,0.000596106000102,2.1859055610002542,5,92.81978934948296
A,breast,cat,pickle,2000,32,2237386.0,0.04375526900003,0.07799255600002601,1.58702267999979,0.0035527950003590002,0.005133945000125001,1.7208121409998938,0.000706515999809,0.0007786380001560001,2.208232484999826,5,92.22521402467765
A,breast,cat,pickle,2000,1024,2237386.0,0.04375526900003,0.107596492000084,3.179275370999676,0.010485103000064,0.011327067999900001,3.339587268000286,0.006659896000201001,0.010748240999873001,4.883819853000205,5,95.19964941366533
A,breast,lgb,joblib,100,1,242308.0,0.04375526900003,0.07884436400036,1.894435582000369,0.0033774900002750004,0.004114481999749,2.019503840001105,0.001286051000079,0.0014415380001080002,2.704719598999872,5,93.80698092652958
A,breast,lgb,joblib,100,32,242308.0,0.04375526900003,0.074526217000311,1.930232525000065,0.0033445009999010004,0.004317063999678,2.0545384820002237,0.0014138800002000001,0.001528572000097,2.657646025999838,5,93.94968952447466
A,breast,lgb,joblib,100,1024,242308.0,0.04375526900003,0.072674098000334,1.9024118020001881,0.003373676000137,0.010885759999837001,2.0307140779996184,0.006086902999868001,0.006870017999972,3.083318370000142,5,93.68191330382581
A,breast,lgb,joblib,500,1,444548.0,0.04375526900003,0.076915904000088,1.9959293520000752,0.006379564999861,0.004112466000151,2.1258437859996753,0.001290829000026,0.001521115999821,2.66942013300013,5,93.88880618344645
A,breast,lgb,joblib,500,32,444548.0,0.04375526900003,0.075114406000011,1.9545071319998892,0.0064022239998840005,0.004517959999702,2.084140421000027,0.001611720000255,0.0017046019997900002,2.676936353000201,5,93.78001176437353
A,breast,lgb,joblib,500,1024,444548.0,0.04375526900003,0.07315777600024301,1.922235638000074,0.006260524000026001,0.014996106000126002,2.060450316999775,0.012567447000037,0.024431222000202,4.544099190999987,5,93.29201593169421
A,breast,lgb,joblib,2000,1,444548.0,0.04375526900003,0.07369792600002201,1.9698115890000731,0.0063777339996700004,0.004322151999986,2.0979651130005523,0.0012645660003720001,0.0013386089999580001,2.661139630999969,5,93.89153217056162
A,breast,lgb,joblib,2000,32,444548.0,0.04375526900003,0.073207421000006,1.945778794000034,0.006469459000072001,0.0048172310002880005,2.0737143600003924,0.0016714359999240001,0.001777729999957,2.693020716999854,5,93.8306080881682
A,breast,lgb,joblib,2000,1024,444548.0,0.04375526900003,0.07398097099985501,2.002105481000399,0.006163038000067,0.015002228999946,2.141006988000297,0.012326784999913002,0.016322716000104,3.873471223000251,5,93.51232818115963
A,breast,lgb,native,100,1,240319.0,0.04375526900003,0.07389933200011001,1.905185125000116,0.040755218999947,0.00031425600036500003,2.0640959430006647,4.227700037517935e-05,6.339399988064542e-05,2.4559287750003023,5,92.3011903327743
A,breast,lgb,native,100,32,240319.0,0.04375526900003,0.07349861700004101,1.928901355000107,0.018338499000037003,0.0006604300001520001,2.0587405109999937,0.000361287000032,0.00042978700003000003,2.49468379200016,5,93.6932724009584
A,breast,lgb,native,100,1024,240319.0,0.04375526900003,0.076605903999734,1.931315253999855,0.013611870000204002,0.007634030000190001,2.070154507000095,0.007265838999956001,0.008297910999772,3.20638716600024,5,93.2932903060731
A,breast,lgb,native,500,1,442551.0,0.04375526900003,0.07870620699986801,1.960706697999739,0.016257946000223,0.000444621000042,2.099870740999902,5.075099988971487e-05,8.679899974595175e-05,2.52198947099987,5,93.37273288860166
A,breast,lgb,native,500,32,442551.0,0.04375526900003,0.07410259100015501,1.92540728799986,0.016580766999595,0.000891088000116,2.060537983999891,0.00056219399994,0.0006918839999340001,2.5417868449999332,5,93.44197015297351
A,breast,lgb,native,500,1024,442551.0,0.04375526900003,0.080150827000124,1.981292134000341,0.017021707999901003,0.016487972000049003,2.131769520000032,0.016226943000219003,0.018784157000027002,4.541009224999925,5,92.94119816481434
A,breast,lgb,native,2000,1,442552.0,0.04375526900003,0.08096653099983,1.931127093999748,0.017084904000057,0.000439461000041,2.0752245260000532,5.429100019682665e-05,0.000111848999949,2.535110775999783,5,93.05629679126578
A,breast,lgb,native,2000,32,442552.0,0.04375526900003,0.07361717599997,1.955048519999763,0.018310464000023,0.0009124210000660001,2.089694996999694,0.000563101999887,0.0006609609999940001,2.573685246000423,5,93.55664452500237
A,breast,lgb,native,2000,1024,442552.0,0.04375526900003,0.076107261000288,2.223597082000196,0.046762695999859,0.020124248000229,2.4055402490007487,0.016241910000189,0.019278157999906002,5.013246814000013,5,92.43649458469334
A,breast,lgb,onnx,100,1,148401.0,0.04375526900003,0.073565228000006,0.042477986999983,0.008925528999952,0.000517092999871,0.174679690999707,1.4156999895931223e-05,2.6402999992569672e-05,0.20737172599956402,5,24.317644917321413
A,breast,lgb,onnx,100,32,148401.0,0.04375526900003,0.075142824000067,0.042600501000379,0.008733700999982,0.000872511000125,0.17041924500017303,0.00027219100002100004,0.00031408800032200004,0.22669512299989902,5,24.997470796409026
A,breast,lgb,onnx,100,1024,148401.0,0.04375526900003,0.10973074399998901,0.06384111800025401,0.012810532000003,0.008984604000033,0.240491634999214,0.008520593999946001,0.009698204999949,1.157140943000286,5,26.546086727907465
A,breast,lgb,onnx,500,1,238371.0,0.04375526900003,0.073697342999821,0.041073595999932,0.011130430999855001,0.0005569800000550001,0.170987414000135,2.3047000013320943e-05,3.1987000056687975e-05,0.201422917999934,5,24.021414815887894
A,breast,lgb,onnx,500,32,238371.0,0.04375526900003,0.07652897900015801,0.040417204999812,0.010840485000244001,0.001133442000082,0.17199332899963102,0.000583219999953,0.0006367350001710001,0.258411630999944,5,23.49928641703232
A,breast,lgb,onnx,500,1024,238371.0,0.04375526900003,0.07928925599981,0.045229484000174,0.011196904000371,0.016916238000248,0.195902956000279,0.016220554000028,0.025409457999558002,2.192004687000008,5,23.087698584859325
A,breast,lgb,onnx,2000,1,238371.0,0.04375526900003,0.10903710000002301,0.054910411000037004,0.011298375000023,0.000562949000141,0.20402723099959902,2.1088999801577305e-05,3.2934000046225265e-05,0.25375808600028904,5,26.91327561081536
A,breast,lgb,onnx,2000,32,238371.0,0.04375526900003,0.07334274699996901,0.039945025000179005,0.010860340999897002,0.0011875830000460002,0.169103978000746,0.0005881110000700001,0.000636891999874,0.257424153000101,5,23.621576187878198
A,breast,lgb,onnx,2000,1024,238371.0,0.04375526900003,0.073111190999952,0.0402605270001,0.011159306000081,0.016707554999811,0.18501230200081203,0.016091383000002003,0.01836412800003,1.863731207,5,21.760999979300454
A,breast,lgb,pickle,100,1,242134.0,0.04375526900003,0.08971755199991001,2.60329394900009,0.002773609000087,0.006501378999928,2.746080026000071,0.001256885000202,0.0022500349996330002,3.356769950999933,5,94.80036722717207
A,breast,lgb,pickle,100,32,242134.0,0.04375526900003,0.073643780000111,1.896663181999883,0.002723611999954,0.004258919000221,2.021403181999628,0.0014161160002000002,0.001539067000067,2.574202348000199,5,93.82903909964419
A,breast,lgb,pickle,100,1024,242134.0,0.04375526900003,0.07329907400026,1.930818641000314,0.0027087909998040004,0.008683326000209001,2.0592290610006763,0.006004028000006,0.008663276000334001,3.064985783000338,5,93.76415074785504
A,breast,lgb,pickle,500,1,444368.0,0.04375526900003,0.079195040000286,1.9466585320001282,0.005702243000087001,0.004279138000129,2.0861705290003543,0.001262686000245,0.002001847999963,2.660357907000161,5,93.312531499183
A,breast,lgb,pickle,500,32,444368.0,0.04375526900003,0.07351841500030701,1.9201091780000752,0.005681704999915001,0.004631883000001001,2.051456766000227,0.001661720999891,0.0019270689999750003,2.602964030999828,5,93.59735042058705
A,breast,lgb,pickle,500,1024,444368.0,0.04375526900003,0.07542195799987801,1.949688402999982,0.005706718000055001,0.01472859200021,2.085817604000111,0.012386646999857,0.020755979000114003,3.897300185999938,5,93.47358078007085
A,breast,lgb,pickle,2000,1,444369.0,0.04375526900003,0.074773334999918,1.9156528660000731,0.005739762999837,0.004243547999976001,2.042386182999506,0.001283681000131,0.0015290920000550002,2.597063671000342,5,93.79484065969793
A,breast,lgb,pickle,2000,32,444369.0,0.04375526900003,0.091494747000069,1.972164586999952,0.005871585000022,0.004442213999936001,2.1079451579998914,0.001619574999949,0.0019226829999750002,2.647054006999951,5,93.55862886258512
A,breast,lgb,pickle,2000,1024,444369.0,0.04375526900003,0.073318663000009,1.9510867009998942,0.005553636000058,0.014850551999643,2.102558942000539,0.012283589000162002,0.014388769000106001,3.992849902999751,5,92.79581475815739
A,breast,xgb,joblib,100,1,113946.0,0.04375526900003,0.074578313000074,1.279163634999804,0.003344172999732,0.0015995249996190002,1.458393577999684,0.000403643999561,0.000592822999806,1.779553553000369,5,87.71045445457119
A,breast,xgb,joblib,100,32,113946.0,0.04375526900003,0.076134310999805,1.109487402000013,0.0032851710002430004,0.001628502999665,1.2313361770006828,0.00048346999983500005,0.000715105999915,1.573591513999872,5,90.10434540326169
A,breast,xgb,joblib,100,1024,113946.0,0.04375526900003,0.08697250699970001,1.089294262999828,0.0033206470002360004,0.0030964640000090003,1.226439149999803,0.0020675109999500002,0.0024445170001850002,1.711551496000083,5,88.81763624391824
A,breast,xgb,joblib,500,1,420334.0,0.04375526900003,0.079075916999954,1.068085420999978,0.01314299400019,0.0017451260000590002,1.2058047270002108,0.00045998699988500006,0.0005526750001080001,1.561883141999715,5,88.5786394001913
A,breast,xgb,joblib,500,32,420334.0,0.04375526900003,0.07318771500013001,1.057152370000039,0.009487035999882001,0.001857481000115,1.187847919999965,0.000617365999914,0.0007377650003940001,1.513575325999681,5,88.99728258143266
A,breast,xgb,joblib,500,1024,420334.0,0.04375526900003,0.07271201499997901,1.097339636000015,0.009467594999932001,0.005706836999706,1.233447215000068,0.004596034000314,0.006339132999983001,1.963705049000054,5,88.96526925961355
A,breast,xgb,joblib,2000,1,1462624.0,0.04375526900003,0.07671405199971501,1.081291984000017,0.040162738000162006,0.002346144000057,1.28229013899954,0.000645674000224,0.00075604299991,1.662793172999954,5,84.3250642825387
A,breast,xgb,joblib,2000,32,1462624.0,0.04375526900003,0.074276634999932,1.06140984700005,0.036596203000044,0.002727544000208,1.2173627490005838,0.001051227000061,0.001184080000257,1.584774818999903,5,87.18928255948637
A,breast,xgb,joblib,2000,1024,1462624.0,0.04375526900003,0.07417797400012201,1.074244921000172,0.036823076000018,0.015536774999873002,1.248072979999504,0.013888309999856002,0.017386835999786,3.219983288000094,5,86.07228409035817
A,breast,xgb,native,100,1,103706.0,0.04375526900003,0.07825866599978301,1.134455396000248,0.0024330720002580003,0.001403917000061,1.261804549999849,0.00023150900005900003,0.000333820999912,1.670008735999999,5,89.90737876166192
A,breast,xgb,native,100,32,103706.0,0.04375526900003,0.07366719299989201,1.065867831000105,0.0023630460000270003,0.0013909589997630001,1.188839315000221,0.000297528999908,0.00038485000004500003,1.5014964320002941,5,89.65617283609997
A,breast,xgb,native,100,1024,103706.0,0.04375526900003,0.077042755000093,1.183357961999718,0.0024063880000530003,0.0029540240002460002,1.3469965760000362,0.0017866769999270002,0.002311007000116,1.83303117000014,5,87.85159391523845
A,breast,xgb,native,500,1,410093.0,0.04375526900003,0.077302145999965,1.203045516000202,0.011860322999837001,0.001991001000078,1.3369238250002111,0.000374935999843,0.00044622099994700003,1.692696136999984,5,89.98609296232806
A,breast,xgb,native,500,32,410093.0,0.04375526900003,0.07387363299994801,1.080877239000074,0.008345648000158001,0.0018320169997420002,1.211196193000886,0.00043818999984000003,0.000526377000369,1.516616798000086,5,89.24047526289436
A,breast,xgb,native,500,1024,410093.0,0.04375526900003,0.08230372300022201,1.07404905400017,0.008356361000096001,0.006017979999796001,1.2144125210002108,0.004323038000165,0.006954873999802,2.003929006000362,5,88.4418626642259
A,breast,xgb,native,2000,1,1452382.0,0.04375526900003,0.075828413000181,1.070765671000117,0.029535956000017002,0.006169851999857001,1.2226359189999099,0.000415212000007,0.0005493419998850001,1.547217566000199,5,87.57845687013518
A,breast,xgb,native,2000,32,1452382.0,0.04375526900003,0.078107785000156,1.255030897999859,0.030720058000042003,0.007221942999876001,1.426464047000534,0.0008640270002610001,0.001321687999734,1.884648585000377,5,87.98195093937682
A,breast,xgb,native,2000,1024,1452382.0,0.04375526900003,0.07905605099995201,1.088409533999765,0.030597257999943003,0.019264675000158,1.2603013070001892,0.013569672000357,0.018677228999877,2.934004145000017,5,86.36105730862356
A,breast,xgb,onnx,100,1,34765.0,0.04375526900003,0.074405572000159,0.040900858999975004,0.005410847999883,0.00043158099970200004,0.165112719000261,1.1653000001388131e-05,1.8124999769497663e-05,0.19888840400017202,5,24.771476872057534
A,breast,xgb,onnx,100,32,34765.0,0.04375526900003,0.074344929999824,0.041517126999679,0.005387865999637,0.0005541029995580001,0.16501274099982502,0.00011160899975900001,0.000157559999934,0.21519780200014701,5,25.159952345572535
A,breast,xgb,onnx,100,1024,34765.0,0.04375526900003,0.07865985699982,0.042722861000129,0.005368541999814001,0.0038096549997130003,0.18095231600000003,0.003234087000237,0.0036685800000660004,0.544246487000236,5,23.61001060640141
A,breast,xgb,onnx,500,1,76910.0,0.04375526900003,0.07407607000004601,0.041757397000310004,0.006443339999805,0.00044182000010500004,0.167313527000714,1.8990000171470452e-05,3.007999976034625e-05,0.19674431899966202,5,24.957573812983934
A,breast,xgb,onnx,500,32,76910.0,0.04375526900003,0.078496126000118,0.040715317999911,0.00641626100014,0.0008597179999010001,0.16998594600045,0.000399744000333,0.00044725399993600004,0.23814403500000403,5,23.95216719845958
A,breast,xgb,onnx,500,1024,76910.0,0.04375526900003,0.07934047200023901,0.042204008999760005,0.006516390999877,0.013907864999964001,0.18416421700021302,0.013262732999919001,0.020812549000311,1.64021502200012,5,22.916508802419088
A,breast,xgb,onnx,2000,1,133576.0,0.04375526900003,0.07480534600017501,0.041586111000015004,0.008105228999738001,0.0005437729996620001,0.17205602299963801,4.00159997298033e-05,5.916700001762366e-05,0.20780560799994402,5,24.17009894509912
A,breast,xgb,onnx,2000,32,133576.0,0.04375526900003,0.07445377400017601,0.041554276999704,0.007751465999717001,0.001634487000046,0.17232017799960703,0.0011809980001080001,0.0012785809999510001,0.32890656699964804,5,24.114574092303204
A,breast,xgb,onnx,2000,1024,133576.0,0.04375526900003,0.074417315000118,0.041342155000165005,0.007770032999815,0.039106274000005006,0.20881571699965001,0.037819788999968004,0.045839911999792,4.129281677000108,5,19.7983923787855
A,breast,xgb,pickle,100,1,113921.0,0.04375526900003,0.088631956999961,1.052097441000114,0.0029503519999700004,0.001412093999988,1.1887267889997,0.000405891999889,0.0005269479997870001,1.465676620000067,5,88.50624472638006
A,breast,xgb,pickle,100,32,113921.0,0.04375526900003,0.07237012099994901,1.078438381000069,0.003024672000265,0.0015531710000680002,1.1991269960003579,0.000572820999877,0.0007764970000600001,1.517754756000158,5,89.93529330897886
A,breast,xgb,pickle,100,1024,113921.0,0.04375526900003,0.073923583000123,1.061861150999902,0.003037102000234,0.0031236179997900003,1.193079182000017,0.0020064089999320004,0.0022089419999240002,1.640718606999598,5,89.00173324790164
A,breast,xgb,pickle,500,1,420309.0,0.04375526900003,0.08301421200030701,1.207823088000168,0.014072979000047002,0.0023131580001060003,1.382151501000406,0.00045164299990500004,0.000669381999614,1.717133962999923,5,87.38717044592734
A,breast,xgb,pickle,500,32,420309.0,0.04375526900003,0.07432207800002201,1.060650945000361,0.009349252999982,0.001843627000198,1.1895054500005229,0.000613932000305,0.0009221209998030001,1.5312211209998159,5,89.1673884301997
A,breast,xgb,pickle,500,1024,420309.0,0.04375526900003,0.07302467099998401,1.140366001000075,0.009064367000064001,0.0057155419999610005,1.273769395999805,0.004602042999977,0.005007150999972,2.026272791999872,5,89.52688018579538
A,breast,xgb,pickle,2000,1,1462599.0,0.04375526900003,0.07365870600006001,1.073379705000206,0.035294098000122,0.002269350000005,1.2366196140001169,0.000590831999943,0.0007099169997670001,1.56565392199991,5,86.79950510635396
A,breast,xgb,pickle,2000,32,1462599.0,0.04375526900003,0.073735785999815,1.1020930590002531,0.03672319799989,0.003174079000018,1.2589454570002072,0.001062380999883,0.00135871600014,1.650878568999814,5,87.54096953702035
A,breast,xgb,pickle,2000,1024,1462599.0,0.04375526900003,0.074994431999584,1.079691124999954,0.035127249999732005,0.015039395000258,1.2494378030000897,0.013923895999596002,0.018068236000090002,2.9651955409999573,5,86.41415542313925
A,calif,cat,joblib,100,1,119357.0,0.04375526900003,0.073254175999863,1.5944979109999622,0.001103245000194,0.0040375549997400005,1.7166218720003572,0.0006037359999020001,0.0006876369998280001,2.1671784149993982,5,92.88579721647811
A,calif,cat,joblib,100,32,119357.0,0.04375526900003,0.07928715900015901,1.6110783720005202,0.001210261999403,0.004959688999406,1.7723835650003794,0.0007466890001520001,0.000912984000024,2.235040780000417,5,90.89896813617628
A,calif,cat,joblib,100,1024,119357.0,0.04375526900003,0.074226843999895,1.594121854999684,0.001092682000489,0.005674160000125001,1.7167201140000512,0.001203972999974,0.001331121000475,2.206495018999703,5,92.85857618836268
A,calif,cat,joblib,500,1,565022.0,0.04375526900003,0.09142674400027301,1.598968816999331,0.001828026999646,0.004093616000318,1.7206033899992672,0.000627002999863,0.0007431299991360001,2.18491039499986,5,92.93070246711603
A,calif,cat,joblib,500,32,565022.0,0.04375526900003,0.075757582000733,1.646885603000555,0.00184887999967,0.005149505999725,1.7757304739998259,0.0008618820002080001,0.001031479999255,2.346551628999805,5,92.74412007419976
A,calif,cat,joblib,500,1024,565022.0,0.04375526900003,0.07393347099969101,1.6145924490001562,0.0018334409996890002,0.005752895999648001,1.743923015999824,0.001553735000015,0.001846183999987,2.3215094800007128,5,92.5839291176784
A,calif,cat,joblib,2000,1,2230518.0,0.04375526900003,0.085240847000022,1.613293322999197,0.004424909999215,0.0045973550004410006,1.7484068439998712,0.0007700509995620001,0.00082817600014,2.315188682000553,5,92.2721921694397
A,calif,cat,joblib,2000,32,2230518.0,0.04375526900003,0.073890144999495,1.617127767000056,0.004182240999398,0.005275473999972,1.743594859000948,0.0009475189999640001,0.000995428000351,2.386317569000311,5,92.74676159154566
A,calif,cat,joblib,2000,1024,2230518.0,0.04375526900003,0.073476611999467,1.593781133000447,0.004097085000466,0.007472804000826,1.72215820400015,0.0030210680006340002,0.0062756729994360005,2.499593300999549,5,92.54557039524506
A,calif,cat,native,100,1,118880.0,0.04375526900003,0.079906398000275,1.597180330999435,0.0019334890002930003,0.004043229999297,1.7251816169982679,0.0006049910007270001,0.0007710439995200001,2.205042283999319,5,92.58041676669679
A,calif,cat,native,100,32,118880.0,0.04375526900003,0.072716036000201,1.5900279199995562,0.0019825680001300003,0.0059771409996750005,1.7145721199995003,0.000746492999496,0.001190415000564,2.211185553999712,5,92.73613524055317
A,calif,cat,native,100,1024,118880.0,0.04375526900003,0.07468734699978001,1.58241323600032,0.001614457999494,0.005047303999162,1.708472711000466,0.001187969000056,0.001468876000217,2.234454817999903,5,92.62151076874228
A,calif,cat,native,500,1,564544.0,0.04375526900003,0.07387758899949401,1.586617212999954,0.0025095580003830003,0.0039641270004720005,1.7100281880002501,0.00061775999984,0.000706069000443,2.174045304000174,5,92.78310288296382
A,calif,cat,native,500,32,564544.0,0.04375526900003,0.07343016100003201,1.606664865999846,0.0024224459994000003,0.00490730599995,1.73819075599931,0.0007940650002630001,0.000860653000017,2.207002664000356,5,92.4331728525476
A,calif,cat,native,500,1024,564544.0,0.04375526900003,0.07471746999999501,1.604611689000194,0.002530751000449,0.005663636999997001,1.735267108999322,0.0016699280004100002,0.001975813999706,2.314351250000072,5,92.47058742014231
A,calif,cat,native,2000,1,2230040.0,0.04375526900003,0.075374907999503,1.64072464200035,0.006632532000367001,0.004209841999909,1.7692772000000312,0.000711779000084,0.0008733630002090001,2.278415355999641,5,92.73417653267228
A,calif,cat,native,2000,32,2230040.0,0.04375526900003,0.073910602000069,1.59650658999999,0.005957235000096,0.0051640709998530005,1.730908520998126,0.000972533999629,0.001032956000017,2.245772481000131,5,92.23518000127278
A,calif,cat,native,2000,1024,2230040.0,0.04375526900003,0.07655659800002401,1.6472607810001132,0.005693924000297001,0.006801389999964,1.7837433570002739,0.0030288090001700002,0.004167500999756,2.531099697999707,5,92.34853066364414
A,calif,cat,onnx,100,1,466990.0,0.04375526900003,0.11074283200014101,0.06158942799993301,0.023036557999148003,0.000808566999694,0.24035195899977901,3.8733999645046424e-05,5.743900055676932e-05,0.297525780999421,5,25.624683175554907
A,calif,cat,onnx,100,32,466990.0,0.04375526900003,0.102692311999817,0.062292454999806006,0.023293457000363,0.0009587209997330001,0.234094798000113,0.00020239900004500003,0.000243448000219,0.31040947899964505,5,26.609927060308248
A,calif,cat,onnx,100,1024,466990.0,0.04375526900003,0.07323872699998901,0.044053990000065005,0.014797658000134,0.004272084000149,0.17919297400021403,0.0036456289999470004,0.003872471000249,0.584930386000451,5,24.584663682189007
A,calif,cat,onnx,500,1,2379412.0,0.04375526900003,0.10977390300013201,0.058219625999299,0.06975196500025001,0.0007959399999890001,0.29028077500060806,9.040199984156062e-05,0.000139617999593,0.362608953000744,5,20.05631478666717
A,calif,cat,onnx,500,32,2379412.0,0.04375526900003,0.07493783199970401,0.040380335000008004,0.059442218000185,0.001453351000236,0.22327197000140303,0.0007500309993700001,0.0008212270004150001,0.33640962699973903,5,18.085716267811968
A,calif,cat,onnx,500,1024,2379412.0,0.04375526900003,0.07814876799966401,0.040812019999975004,0.05981011799940401,0.018060137999782,0.24044944499837403,0.017445868000322003,0.020075993999853003,2.054122417000144,5,16.973222791281962
A,calif,cat,onnx,2000,1,9571086.0,0.04375526900003,0.075517541000408,0.049823654000647005,0.24148522500036002,0.001490675000241,0.411694716001874,0.00034151399995600005,0.000408818000323,0.49823044200002103,5,12.102087314722837
A,calif,cat,onnx,2000,32,9571086.0,0.04375526900003,0.07420561100025201,0.041301014000055,0.233847382999556,0.0038778810003350004,0.40446691799934104,0.002832856000168,0.0032235729995590003,0.738976911999998,5,10.211221774168015
A,calif,cat,onnx,2000,1024,9571086.0,0.04375526900003,0.07787598100003301,0.045038108999506006,0.24706372700075002,0.075883082000473,0.48983118600062703,0.07623578099992301,0.100322971999958,8.95829898699958,5,9.194618531178689
A,calif,cat,pickle,100,1,119357.0,0.04375526900003,0.074176553999677,1.653351577000648,0.001148340000327,0.005955466000159001,1.7775538850000872,0.0006045630007060001,0.0007136799995350001,2.3116978079997352,5,93.01274020171641
A,calif,cat,pickle,100,32,119357.0,0.04375526900003,0.074123598999904,1.575276421000126,0.0008524840004610001,0.00520218299971,1.699263427000914,0.000760218999857,0.0010572009996390002,2.188004374000229,5,92.70348528482033
A,calif,cat,pickle,100,1024,119357.0,0.04375526900003,0.074639069999648,1.60744945100032,0.000864116999764,0.005508062000444,1.744073177001153,0.001224549999278,0.001544649999232,2.276352781000241,5,92.1663994491475
A,calif,cat,pickle,500,1,565022.0,0.04375526900003,0.080244562999723,1.625549473000319,0.0015601029999740001,0.0041688890005380005,1.758870362999912,0.000611966999713,0.0006784790002710001,2.244369781000387,5,92.42008434480627
A,calif,cat,pickle,500,32,565022.0,0.04375526900003,0.075114709999979,1.562760949000221,0.0016464640002590001,0.005077384999822,1.687394927000239,0.000788256000305,0.0009043310001280001,2.153051979999873,5,92.61382288131055
A,calif,cat,pickle,500,1024,565022.0,0.04375526900003,0.08046775000002501,1.606321061000017,0.0016100229995570001,0.005761935999544001,1.73775949800074,0.001538778999929,0.0018724579995250002,2.289524540999991,5,92.43632751528963
A,calif,cat,pickle,2000,1,2230518.0,0.04375526900003,0.07600589699995901,1.593729272000018,0.0038704439994030003,0.0042390570006310005,1.7183802309991711,0.0006787639995300001,0.0007994500001580001,2.2243059090005772,5,92.74601995818624
A,calif,cat,pickle,2000,32,2230518.0,0.04375526900003,0.08874837399980601,1.623495693000222,0.0038549439996130004,0.005180735000067001,1.748701485999844,0.0009169530003410001,0.0010294080002490001,2.241450608000377,5,92.84007053221929
A,calif,cat,pickle,2000,1024,2230518.0,0.04375526900003,0.08039739699961501,1.637400994999552,0.0038593050003320004,0.007453807999809001,1.7862030919986842,0.003086490999521,0.005541521999475001,2.5382080930003212,5,91.6693629259913
A,calif,lgb,joblib,100,1,288782.0,0.04375526900003,0.081258435000108,1.946418700999856,0.003408902000046,0.00361669699987,2.08756200699963,0.0008939760000430001,0.0009521480001230001,2.643262069999764,5,93.2388448569902
A,calif,lgb,joblib,100,32,288782.0,0.04375526900003,0.07381710199979301,1.951594360999934,0.0036363429999250003,0.003830581999864,2.076633656999546,0.001090399999611,0.0013216600000300002,2.636442252000051,5,93.9787503887288
A,calif,lgb,joblib,100,1024,288782.0,0.04375526900003,0.07298855199996901,1.939257484000336,0.00338782100016,0.008711760000096,2.0682752790007712,0.006156927000120001,0.009724543000174,3.151156201000049,5,93.76205883663772
A,calif,lgb,joblib,500,1,1424984.0,0.04375526900003,0.073531601000013,2.043146999999862,0.015177442999629,0.003561023999736,2.1774531139994884,0.001056904000051,0.001217490999806,2.741065329999855,5,93.83196298757788
A,calif,lgb,joblib,500,32,1424984.0,0.04375526900003,0.075548311000147,1.9617036519998692,0.014856507999866,0.004222216000016,2.1000859559999285,0.001710639000066,0.00198216300032,2.87081489800039,5,93.41063618826162
A,calif,lgb,joblib,500,1024,1424984.0,0.04375526900003,0.075297302000308,2.002408510999885,0.015068758999859001,0.025799089999964,2.167200633999525,0.022627124999871,0.035245419000148,5.162435988000197,5,92.3960836659816
A,calif,lgb,joblib,2000,1,5744699.0,0.04375526900003,0.073698552000223,1.9572436469998131,0.060000485000273,0.004183115999694001,2.188889184999878,0.001191903999824,0.0013917260002920002,2.756390996999926,5,89.4172103554855
A,calif,lgb,joblib,2000,32,5744699.0,0.04375526900003,0.07457439999961901,1.999603644999751,0.059227859999737,0.008385819000068,2.183354758999937,0.005445362000045,0.009002293999856002,3.203425129999686,5,91.58400103131424
A,calif,lgb,joblib,2000,1024,5744699.0,0.04375526900003,0.09708291000015301,1.99727559799976,0.06086647999973101,0.14330128199981101,2.338113033000352,0.14054321200001102,0.28960684999992703,20.063713032999658,5,85.4225424438434
A,calif,lgb,native,100,1,287318.0,0.04375526900003,0.078285665999828,1.941905547999795,0.014630536999902001,0.00033924699982800004,2.095059622000006,4.151700022703154e-05,6.70019999233773e-05,2.530913054999928,5,92.689751050903
A,calif,lgb,native,100,32,287318.0,0.04375526900003,0.07799645199975201,1.956130291000136,0.017467570999997,0.0006538790003100001,2.0959411059998256,0.00031809200027,0.00040233600020600003,2.5511780900001213,5,93.32944925792674
A,calif,lgb,native,100,1024,287318.0,0.04375526900003,0.073226159000114,1.942883874000017,0.015151773000070002,0.009365945999888001,2.083077195999975,0.008311523999964,0.009911618000387,3.381097707000208,5,93.269893104818
A,calif,lgb,native,500,1,1423518.0,0.04375526900003,0.09100613499958801,2.011286651000318,0.025665869000022,0.00046335000024500005,2.154695467000236,8.405700009461726e-05,0.00015968500019800002,2.655558673000087,5,93.3443580219913
A,calif,lgb,native,500,32,1423518.0,0.04375526900003,0.07934734799982801,1.974980806000076,0.024942807000115003,0.001624005999929,2.126213882999762,0.0011824449998130001,0.001319889000114,2.8324456189998273,5,92.88721241974399
A,calif,lgb,native,500,1024,1423518.0,0.04375526900003,0.103737358999751,1.999097173999871,0.025042825000127,0.035706018999917,2.1841307459999353,0.035563354000260006,0.04759805499998,6.647569914000087,5,91.52827401294823
A,calif,lgb,native,2000,1,5743233.0,0.04375526900003,0.07397571100000201,1.982675259000188,0.077955877000022,0.0008634910000180001,2.173956289000214,0.00032108899995300004,0.000425335000272,2.645708217999981,5,91.20124765305218
A,calif,lgb,native,2000,32,5743233.0,0.04375526900003,0.076078938000136,1.9469637209999742,0.07826312599991,0.008493158999954,2.1408310030010367,0.007677439999952001,0.00928715100008,3.385016808999808,5,90.94429771760136
A,calif,lgb,native,2000,1024,5743233.0,0.04375526900003,0.07410987299999701,1.9657003409997742,0.06457120100003501,0.23624642899994702,2.3844610460000673,0.24469812100005503,0.306867076000344,28.312005506999867,5,82.43793054607606
A,calif,lgb,onnx,100,1,223504.0,0.04375526900003,0.073087440000108,0.040307792000021006,0.009829007999996,0.00044293700011600006,0.168152980999819,9.536000106891152e-06,1.518599992778035e-05,0.19905548299993803,5,23.970905398379106
A,calif,lgb,onnx,100,32,223504.0,0.04375526900003,0.073918742999921,0.040982568999879,0.010023332999935,0.0006890179997750001,0.17163024899991602,0.00017787299975600003,0.000219928000205,0.21772901600024802,5,23.878406771931594
A,calif,lgb,onnx,100,1024,223504.0,0.04375526900003,0.10714727899994601,0.059129493999989007,0.015083914000115,0.006804793000355001,0.232151576999966,0.006166271999973,0.0066471869999980004,0.9243853640000451,5,25.470209922372256
A,calif,lgb,onnx,500,1,1149338.0,0.04375526900003,0.074614590000237,0.040591709000182004,0.034155358999669004,0.00052130999984,0.19800484099960003,1.920200020322227e-05,3.021399970748461e-05,0.228995792000205,5,20.500361907951532
A,calif,lgb,onnx,500,32,1149338.0,0.04375526900003,0.07876924399988601,0.041947346000142,0.035063267999703,0.001154657999904,0.20244525299949404,0.000632756999948,0.0008340869999300001,0.304670826999881,5,20.7203406247549
A,calif,lgb,onnx,500,1024,1149338.0,0.04375526900003,0.08790714800034001,0.04500956499987201,0.036496249000265005,0.017206514999998,0.23037474600050503,0.016613585999948,0.019755963000079,1.979860430999906,5,19.537542973470423
A,calif,lgb,onnx,2000,1,4630840.0,0.04375526900003,0.073587189000136,0.040712907999932005,0.13793141699989,0.0009082520000440001,0.29674395699976003,0.000117230999876,0.00015788499968,0.351824167999893,5,13.719877705871845
A,calif,lgb,onnx,2000,32,4630840.0,0.04375526900003,0.074930260999735,0.041032939999695005,0.13297776599983901,0.002947153999684,0.29830934599931197,0.0020823909999300003,0.002296405999913,0.5623282260003181,5,13.755164077155547
A,calif,lgb,onnx,2000,1024,4630840.0,0.04375526900003,0.07445873899996501,0.041439050999997,0.130796755000119,0.056408112999633005,0.347904147000006,0.077103521000026,0.083608830999764,7.4025664589999,5,11.911054052481958
A,calif,lgb,pickle,100,1,288782.0,0.04375526900003,0.07333249500015801,1.981532191000042,0.003055169000163,0.003705612999965,2.106737010000414,0.0009149620000240001,0.000997868000013,2.666970938000304,5,94.05693171923973
A,calif,lgb,pickle,100,32,288782.0,0.04375526900003,0.073999274000016,1.9515362019997151,0.002958469000077,0.0037887839998800004,2.0746601799996798,0.0010790340002130002,0.002255908000279,2.614296055000068,5,94.06534240224423
A,calif,lgb,pickle,100,1024,288782.0,0.04375526900003,0.072393829000247,1.987186040999859,0.003104029000041,0.008776407999903,2.1589857749995627,0.0061180510001570005,0.015152526000292002,3.248774761999811,5,92.04257221195734
A,calif,lgb,pickle,500,1,1424984.0,0.04375526900003,0.085242884999843,1.953241232000436,0.014471522999883002,0.0034486049999030003,2.0979298389997862,0.0009939429996840001,0.001299549000123,2.6695805290000862,5,93.10326759695965
A,calif,lgb,pickle,500,32,1424984.0,0.04375526900003,0.07939895800018301,1.965548071999819,0.014505176000056002,0.00423943900023,2.104518735000054,0.0016242389997380001,0.001874303000022,2.813258078000217,5,93.39655852480537
A,calif,lgb,pickle,500,1024,1424984.0,0.04375526900003,0.072841325999888,1.943611941000199,0.014497921000383001,0.024697717999970004,2.100080305000573,0.022610998999880002,0.043739221000123,4.949957611000173,5,92.54941043788651
A,calif,lgb,pickle,2000,1,5744699.0,0.04375526900003,0.08248349499990501,1.975998915999753,0.064888756000073,0.004367318999811001,2.189276830000379,0.001196778999656,0.0013338409999050001,2.762424639000073,5,90.25806553661882
A,calif,lgb,pickle,2000,32,5744699.0,0.04375526900003,0.076193671000055,1.9621877429999581,0.05930373800038,0.008231185000113,2.145953416000337,0.005540897000173001,0.010833190000084,3.823389798999869,5,91.43664202446276
A,calif,lgb,pickle,2000,1024,5744699.0,0.04375526900003,0.08585908299983201,2.043206052000187,0.05992923300027501,0.139964190999762,2.4055350200005687,0.142292882999754,0.28899936599964304,19.94560196900011,5,84.93769722794158
A,calif,xgb,joblib,100,1,473287.0,0.04375526900003,0.07659902300019801,1.094055934000607,0.0050742170005830005,0.0013869849999530001,1.217806085000118,0.00036149700008500005,0.0004951400005660001,1.546422631000496,5,89.83827125486084
A,calif,xgb,joblib,100,32,473287.0,0.04375526900003,0.08676456400007701,1.101274778000515,0.006900864999806001,0.001772054999491,1.2302842380004193,0.0005222170002520001,0.000650181999844,1.579351221999786,5,89.51384923783277
A,calif,xgb,joblib,100,1024,473287.0,0.04375526900003,0.079819485999905,1.085004371999275,0.0050954380003530005,0.003628831999776,1.217219575999477,0.002526958000089,0.0031052270005600003,1.761737625999558,5,89.13793315461278
A,calif,xgb,joblib,500,1,2260653.0,0.04375526900003,0.07282921900059501,1.078947143999357,0.021703821999835,0.0019856700000670004,1.2421312309998012,0.00045804799992700003,0.0006186809996500001,1.557213271999899,5,86.86257273564436
A,calif,xgb,joblib,500,32,2260653.0,0.04375526900003,0.091412322999531,1.081636987999445,0.021538025000154,0.0027042689998770003,1.2322421380004,0.00110351100011,0.0013619040000770002,1.624110412000845,5,87.7779581336711
A,calif,xgb,joblib,500,1024,2260653.0,0.04375526900003,0.07562530799987101,1.069083075999515,0.021250773999781,0.013495152999894,1.2266907599987438,0.011937458999454,0.016049789999669002,2.7682446959997833,5,87.15179985545906
A,calif,xgb,joblib,2000,1,8981631.0,0.04375526900003,0.07495104900044601,1.079608830999859,0.08848374200078901,0.003264570999817,1.294614280999665,0.000833695000437,0.0009731320005810001,1.659866478999902,5,83.39231590788688
A,calif,xgb,joblib,2000,32,8981631.0,0.04375526900003,0.08597840699985601,1.088656795000133,0.07888315500076701,0.006727703000251,1.2891413720008111,0.0035508959999780002,0.005721032000110001,2.138678535000508,5,84.44820860186061
A,calif,xgb,joblib,2000,1024,8981631.0,0.04375526900003,0.079276460000073,1.103259250000519,0.08041205500012401,0.07375748000049401,1.362440331000469,0.053458850000424,0.09924031099944801,8.158327384000586,5,80.97670223769524
A,calif,xgb,native,100,1,463064.0,0.04375526900003,0.08824368000023201,1.17055858599997,0.003652151000096,0.001498296000136,1.321853976000964,0.000265720000243,0.000459157000477,1.70741506000013,5,88.5543038226725
A,calif,xgb,native,100,32,463064.0,0.04375526900003,0.077134219000072,1.079414846999498,0.0036503760002230003,0.001640309999856,1.2073297669994623,0.00037662399972700005,0.00047188799999200006,1.52833801900033,5,89.40513822351393
A,calif,xgb,native,100,1024,463064.0,0.04375526900003,0.07632155800001701,1.078792819999762,0.0035898940004690004,0.0036808920003750002,1.206140433000653,0.002441822000037,0.0029940109998270003,1.7406833759996512,5,89.4417258955432
A,calif,xgb,native,500,1,2250429.0,0.04375526900003,0.08613031000004401,1.135709954000049,0.021715670999583003,0.0037843320005770003,1.312264576000414,0.0005218860005690001,0.000593433000176,1.656948797000041,5,86.5458059884176
A,calif,xgb,native,500,32,2250429.0,0.04375526900003,0.07980168599988201,1.076277635000224,0.015294224000172002,0.0037805900001330003,1.2238611779994222,0.0009770710003060002,0.001099512000109,1.60110485900077,5,87.94115332259786
A,calif,xgb,native,500,1024,2250429.0,0.04375526900003,0.07397834600033,1.088540837999971,0.015435266000167001,0.014515020000544,1.2511055020013353,0.011774630999752001,0.014660114999969002,2.799931508000554,5,87.00631851260209
A,calif,xgb,native,2000,1,8971406.0,0.04375526900003,0.07506775799993101,1.076037556000301,0.057775650999246,0.009692720999737,1.266114089000436,0.000743503000194,0.0008653300001240001,1.63257804100067,5,84.98740874527385
A,calif,xgb,native,2000,32,8971406.0,0.04375526900003,0.07492101800016801,1.126100768000469,0.06861623900022,0.014032843999302,1.314386251001449,0.004203622000204001,0.006448738000472001,2.259089301000131,5,85.67502643476963
A,calif,xgb,native,2000,1024,8971406.0,0.04375526900003,0.07315748799919601,1.096528123999633,0.059305594000761006,0.060978455999247005,1.3404097119991978,0.058472057000471006,0.10258425800020601,8.753379875000064,5,81.80544457292692
A,calif,xgb,onnx,100,1,362333.0,0.04375526900003,0.07398945900058601,0.04375025399986,0.014141036000182001,0.00045271699946100005,0.176891345000511,1.0052999641629862e-05,1.697000061540166e-05,0.21877812499951602,5,24.73284037708776
A,calif,xgb,onnx,100,32,362333.0,0.04375526900003,0.07539638599973801,0.040975024000545,0.014390443999218001,0.0006062459997330001,0.17660985300062504,0.000132490999931,0.000175549999767,0.22298357799991203,5,23.200870905203676
A,calif,xgb,onnx,100,1024,362333.0,0.04375526900003,0.10571089799941501,0.059057790999759004,0.021179264000238,0.005366157999560001,0.23601968599905201,0.004798795000169,0.005346858999473,0.779393559999334,5,25.022400461966637
A,calif,xgb,onnx,500,1,1815293.0,0.04375526900003,0.10933094200026901,0.061973824000233005,0.09202932199968901,0.0009124839998540001,0.31187441300153107,3.720800032169791e-05,5.567400057771011e-05,0.380287146999762,5,19.87140381405023
A,calif,xgb,onnx,500,32,1815293.0,0.04375526900003,0.11480136199952501,0.062664367000252,0.092885288999241,0.0016413319999620001,0.314646372999958,0.0008245799999710001,0.000928229999772,0.45649667399993604,5,19.915807833024143
A,calif,xgb,onnx,500,1024,1815293.0,0.04375526900003,0.07669711400012601,0.041141276000416005,0.060352143999807005,0.017267596000237,0.23951802100054603,0.016715308000129003,0.019879907000358,1.993747815999995,5,17.176693356330887
A,calif,xgb,onnx,2000,1,7298875.0,0.04375526900003,0.074006895999445,0.043599622000328006,0.23045280200039903,0.001077648000318,0.4050855819996261,0.000208280000151,0.000247869000304,0.471874048999779,5,10.763064383853644
A,calif,xgb,onnx,2000,32,7298875.0,0.04375526900003,0.07532913399973,0.041094532999522,0.22877051800060103,0.0033478889999960003,0.401964117999338,0.002400628999566,0.0026225199999310002,0.6883175840002871,5,10.223433177085145
A,calif,xgb,onnx,2000,1024,7298875.0,0.04375526900003,0.07729432500036601,0.04460833699977201,0.24074217999987002,0.06677930499972701,0.47100045199931506,0.068295665999357,0.09036857599949101,8.16783008099992,5,9.470975412107858
A,calif,xgb,pickle,100,1,473262.0,0.04375526900003,0.075140949000342,1.073625410999739,0.004544903999885001,0.0014552180000460002,1.2078104129986948,0.00033967899980700004,0.00045738599965200005,1.532257675999972,5,88.89022643331847
A,calif,xgb,pickle,100,32,473262.0,0.04375526900003,0.07735978399978101,1.215155539000079,0.004530065999460001,0.001667817000452,1.3446818359998332,0.00048170599984500006,0.000743075000173,1.7749714070005211,5,90.367513449496
A,calif,xgb,pickle,100,1024,473262.0,0.04375526900003,0.07283432999975001,1.078072643999803,0.0045925369995520006,0.0035528910002540002,1.204974156999922,0.002545586999985,0.0028639890006160003,1.727911398999822,5,89.4685282449483
A,calif,xgb,pickle,500,1,2260628.0,0.04375526900003,0.07705174300008301,1.088067159999809,0.018355493999479,0.0018793690005620002,1.232216945999424,0.00046078099967400004,0.0005556320002140001,1.5614013529993822,5,88.30159035974803
A,calif,xgb,pickle,500,32,2260628.0,0.04375526900003,0.081228848999671,1.0886034829991331,0.022866586000418,0.0037890410003450004,1.2328361199988631,0.00107611400017,0.001662929000303,1.62402927200037,5,88.30074535779639
A,calif,xgb,pickle,500,1024,2260628.0,0.04375526900003,0.07502919699982101,1.076523474999703,0.019239936999838003,0.013342442000066,1.227789200998811,0.011941683000259001,0.015144452999265002,2.751317971000389,5,87.67982925114077
A,calif,xgb,pickle,2000,1,8981606.0,0.04375526900003,0.09215515600044401,1.109765195000363,0.074182516999826,0.0032675929996910003,1.3230083329999591,0.000882446000105,0.001311271999838,1.704298497000309,5,83.88195050018611
A,calif,xgb,pickle,2000,32,8981606.0,0.04375526900003,0.07588037899949901,1.086908524000136,0.091849211999942,0.006673588000012,1.292122312000172,0.003790038999795,0.00585012800002,1.9593642419995372,5,84.11808339704542
A,calif,xgb,pickle,2000,1024,8981606.0,0.04375526900003,0.07360659500045501,1.086925087000054,0.07844841400037601,0.062185673999920005,1.344921039000835,0.051523514999644006,0.095682433000547,7.489955492000263,5,80.81701865616954
A,covtype,cat,joblib,100,1,429257.0,0.04375526900003,0.07275360199946501,1.634644910000133,0.0015373930000350002,0.0038769729999330003,1.7589621330007492,0.000482632000057,0.000538567000148,2.19322252100028,5,92.93235364944816
A,covtype,cat,joblib,100,32,429257.0,0.04375526900003,0.081117349999658,1.571198858000571,0.0015052919998190001,0.004822023000087001,1.706783531999461,0.000610203999713,0.000690458999997,2.180447752999498,5,92.05612947061567
A,covtype,cat,joblib,100,1024,429257.0,0.04375526900003,0.074239189999389,1.599960041000486,0.001683096000306,0.010510988999158,1.7286867429993429,0.002656032000231,0.0045292329996300005,2.428121835000638,5,92.5534974731448
A,covtype,cat,joblib,500,1,2106962.0,0.04375526900003,0.077513377000286,1.7850559830003472,0.0032925690002230004,0.00411207199977,1.9118906739986403,0.0005208239999770001,0.000585105000027,2.378035980000277,5,93.3660071298416
A,covtype,cat,joblib,500,32,2106962.0,0.04375526900003,0.07796349299951501,1.592226521000157,0.0033190490003100004,0.005211573999986,1.720966827000664,0.000795912999819,0.00086930999987,2.22184488899984,5,92.51930345311314
A,covtype,cat,joblib,500,1024,2106962.0,0.04375526900003,0.07664256200041501,1.6442228530004281,0.0033427730004400003,0.008905914999559,1.776781161001961,0.004994193999664,0.006414870000298001,2.75997191299939,5,92.53941279258157
A,covtype,cat,native,100,1,427928.0,0.04375526900003,0.09041023000008801,1.6947693199999772,0.00248287299928,0.0036120980003030005,1.846147898999332,0.00038225299977000005,0.00044019000051700004,2.351889909000419,5,91.80030055655851
A,covtype,cat,native,100,32,427928.0,0.04375526900003,0.076170073000866,1.619869617999938,0.002013004999753,0.004799243999514,1.7445010379997228,0.00049650999972,0.0009270179998560001,2.210185007000291,5,92.8557554690429
A,covtype,cat,native,100,1024,427928.0,0.04375526900003,0.073653844999171,1.5751854729996921,0.0018926029997600002,0.00599209000029,1.7207617399981223,0.0019518070002950002,0.002518036000765,2.333964008000293,5,91.54001023996564
A,covtype,cat,native,500,1,2105632.0,0.04375526900003,0.07562350999978601,1.593487259999165,0.005060690999926,0.0037582000004470002,1.723968460999457,0.00040671900023800004,0.000462121000055,2.176749718000792,5,92.43134639918839
A,covtype,cat,native,500,32,2105632.0,0.04375526900003,0.09523650699975401,1.572917835000225,0.004709494000053,0.005049821000284001,1.7213208020002622,0.000664410999888,0.000767921999795,2.201201408999623,5,91.37854101178668
A,covtype,cat,native,500,1024,2105632.0,0.04375526900003,0.07581425599983001,1.612201410999659,0.004575240999656001,0.008186272999409001,1.7444121299986342,0.004043378999995,0.006596864999664001,2.596513573000265,5,92.42090118926892
A,covtype,cat,onnx,100,1,890411.0,0.04375526900003,0.10873201699996501,0.059907256999395,0.037289486999725,0.0007262320004880001,0.24998909000078,2.5784000172279772e-05,4.003499998361803e-05,0.32061041199995005,5,23.963948586399546
A,covtype,cat,onnx,100,32,890411.0,0.04375526900003,0.08625904000018601,0.042702466000264006,0.024036200999944003,0.000896713000656,0.196871931000712,0.00025608199939500004,0.000333670000145,0.266491635999955,5,21.69047958396343
A,covtype,cat,onnx,100,1024,890411.0,0.04375526900003,0.07604883300064101,0.04133833099967801,0.023271103000297003,0.008735312999306001,0.19258218099912103,0.007567112999822,0.009069864000593,1.010671841999283,5,21.46529382168887
A,covtype,cat,onnx,500,1,4637652.0,0.04375526900003,0.07378559300013801,0.041755688999728,0.11156741400009101,0.0008301749994640001,0.271994026999889,5.7385000218346256e-05,7.995200030563865e-05,0.318699879000632,5,15.351693366319783
A,covtype,cat,onnx,500,32,4637652.0,0.04375526900003,0.11256480700012601,0.05923248399994901,0.15236525799991701,0.0029591550000980004,0.3806958969998931,0.001762421999956,0.0020033989994770003,0.6318078100002821,5,15.559002465415498
A,covtype,cat,onnx,500,1024,4637652.0,0.04375526900003,0.078487048999704,0.044066854999982,0.10299220800061401,0.04119663199981,0.30729514700033006,0.034389136999379004,0.05251981099991,4.108902552000472,5,14.340237856061771
A,covtype,cat,pickle,100,1,429257.0,0.04375526900003,0.07596298299995301,1.627987924000081,0.0013963050005250002,0.004552776999844001,1.7523178439996612,0.0005246029995760001,0.000617024000348,2.248380609000378,5,92.90483056910513
A,covtype,cat,pickle,100,32,429257.0,0.04375526900003,0.074373710000145,1.588768279999385,0.001180677000775,0.005085904999759,1.7106171810000872,0.0006186050004540001,0.0007595530005340001,2.165121187000295,5,92.87690417504956
A,covtype,cat,pickle,100,1024,429257.0,0.04375526900003,0.07411826699990301,1.565995748000205,0.0010947190003200002,0.006701416999931001,1.7297681749996612,0.002579871000307,0.0030504570004260003,2.406106587999602,5,90.53211699888696
A,covtype,cat,pickle,500,1,2106962.0,0.04375526900003,0.078794789000312,1.6548546949998122,0.0057219600003,0.004809959999874,1.7865819419994264,0.000568681999538,0.0006761260001430001,2.297549394999805,5,92.62685668633851
A,covtype,cat,pickle,500,32,2106962.0,0.04375526900003,0.07500951899965,1.616957334999824,0.00280552499953,0.0053941209998810006,1.743178530999101,0.0007984200001370001,0.001040223000018,2.251991897000152,5,92.75913546692584
A,covtype,cat,pickle,500,1024,2106962.0,0.04375526900003,0.079657208999378,1.6181043540000242,0.0027450320003480004,0.008785422999608,1.7478539289995731,0.004818816999431001,0.006076654000025001,2.742120457000055,5,92.57663510395207
A,covtype,lgb,joblib,100,1,2398912.0,0.04375526900003,0.07520873000066701,1.9571596329997192,0.024044816999776,0.004428225999618,2.104017835000375,0.0014218060005070001,0.003518798000186,2.731941580000239,5,93.02010659996951
A,covtype,lgb,joblib,100,32,2398912.0,0.04375526900003,0.074117818000559,1.9662412110001242,0.023506024999733,0.005368767000618,2.117806838999057,0.0026461289999130003,0.006508978000056001,2.872383079000428,5,92.84327422086484
A,covtype,lgb,joblib,100,1024,2398912.0,0.04375526900003,0.095799860000624,1.9548521860006072,0.023196989000098003,0.035011619999750006,2.147382530999491,0.033840543999758,0.050293331999455,6.758061935000114,5,91.03418500339242
A,covtype,lgb,joblib,500,1,11324032.0,0.04375526900003,0.086514008999984,1.984658086999843,0.130475480000313,0.0049253030001630005,2.2275601459996297,0.0017935349997060001,0.002794257999994,2.983674337999218,5,89.0956004291959
A,covtype,lgb,joblib,500,32,11324032.0,0.04375526900003,0.075143358999412,1.969374010999672,0.11474328399981401,0.012139010000282,2.214739222998103,0.009153537000202001,0.013325093999810002,3.672275859999899,5,88.92125946700493
A,covtype,lgb,joblib,500,1024,11324032.0,0.04375526900003,0.07657879199996301,2.075328263000301,0.11767410500033201,0.253715632000421,2.6234990770008126,0.24832262200015903,0.493065365999427,32.57680398799948,5,79.10535517980128
A,covtype,lgb,native,100,1,2396673.0,0.04375526900003,0.074281453999901,1.951500334000229,0.045036402000732,0.0006605000007760001,2.1197700130005592,0.00015679799980700002,0.00018787800036000003,2.624705938999795,5,92.06188982916395
A,covtype,lgb,native,100,32,2396673.0,0.04375526900003,0.07520826899963101,1.940009163000468,0.032047493999925,0.002107453999997,2.1024751470004035,0.0015399880003310001,0.0017144410003310001,2.71885719400052,5,92.27263236705912
A,covtype,lgb,native,100,1024,2396673.0,0.04375526900003,0.076031685000089,1.9347453270002002,0.032332853999832004,0.048898629000177,2.136874891000841,0.050374847000057,0.070617710999613,8.115192918000503,5,90.54087982165535
A,covtype,lgb,native,500,1,11321795.0,0.04375526900003,0.080005790000541,1.999346003000027,0.12471579100019801,0.001222705000145,2.231981566999818,0.000479455999993,0.000561663999178,2.739503462000357,5,89.5771736003853
A,covtype,lgb,native,500,32,11321795.0,0.04375526900003,0.07949261500016201,1.967105925999931,0.11742830300045101,0.014534023000123,2.217109340999739,0.013120366999828001,0.014747653000085001,4.036507691000224,5,88.72390231836395
A,covtype,lgb,native,500,1024,11321795.0,0.04375526900003,0.074757372000021,2.063393022000127,0.11298658600026101,0.44027831299990705,2.7722280390016723,0.419427252999412,0.5087765600001141,47.356968164000136,5,74.43085464005303
A,covtype,lgb,onnx,100,1,1613780.0,0.04375526900003,0.074345818000438,0.041250829000091006,0.051791613000204004,0.000648386000648,0.21331244999964602,3.949499932787148e-05,5.7367999943380717e-05,0.254630923000149,5,19.3382191241812
A,covtype,lgb,onnx,100,32,1613780.0,0.04375526900003,0.07593588000054201,0.041200608000508,0.051683022000361005,0.001765922999766,0.21902410200072903,0.001078065999536,0.001162841999757,0.36768483600008,5,18.810992773923513
A,covtype,lgb,onnx,100,1024,1613780.0,0.04375526900003,0.073708719000023,0.040893495000091006,0.050730716000543005,0.02967649600032,0.243249502000251,0.029234558000098002,0.036751970999830005,3.332825264000348,5,16.811337603498487
A,covtype,lgb,onnx,500,1,7532626.0,0.04375526900003,0.075282842999513,0.041674754999803006,0.257172540000283,0.001438366000002,0.422279994000744,0.00036178200025400005,0.00042687400036800006,0.5084299179998191,5,9.86898635783574
A,covtype,lgb,onnx,500,32,7532626.0,0.04375526900003,0.073519878999832,0.041588088999560006,0.24631612500070302,0.006207749999703,0.413589130000216,0.00540256899967,0.006761419999747001,1.009496775000116,5,10.055411514209352
A,covtype,lgb,onnx,500,1024,7532626.0,0.04375526900003,0.074100238000028,0.045410992999677005,0.252802311999403,0.14847029900010902,0.5599915159982611,0.14957571899958502,0.238364805999481,17.24747155499972,5,8.109228747640172
A,covtype,lgb,pickle,100,1,2398713.0,0.04375526900003,0.075512994999371,1.9790936239996881,0.030615377000685003,0.004894077000244,2.1256781509991898,0.001383136000185,0.0018274439999000002,2.698939091999818,5,93.10410529785055
A,covtype,lgb,pickle,100,32,2398713.0,0.04375526900003,0.074601498000447,1.990385470000546,0.022852220000459,0.005146808999597001,2.136003648000949,0.00234280099994,0.00259376699978,2.808464365999498,5,93.18268121233386
A,covtype,lgb,pickle,100,1024,2398713.0,0.04375526900003,0.075440702000378,1.971716750999803,0.02274615799979,0.035219243000028,2.147144254999145,0.033048708999558,0.058904466000058005,6.489971602999503,5,91.82972901839743
A,covtype,lgb,pickle,500,1,11323837.0,0.04375526900003,0.079431006000049,2.028312820999417,0.114054982999732,0.004848663000302,2.270491015999139,0.0017425989999530001,0.0030225130003600003,2.916889602999617,5,89.33366424737204
A,covtype,lgb,pickle,500,32,11323837.0,0.04375526900003,0.092030271999647,2.076645956999527,0.131600245999834,0.013287369999488001,2.416615264999561,0.009628186999179,0.014600217000406,3.98385641599998,5,85.93200527515098
A,covtype,lgb,pickle,500,1024,11323837.0,0.04375526900003,0.08061385000019,1.9705370330002552,0.11527151300015201,0.24704665300032502,2.459263122000264,0.251876727000308,0.48946466899997104,32.6744270879999,5,80.12713301688112
A,covtype,xgb,joblib,100,1,1776909.0,0.04375526900003,0.073270956000669,1.067171861999668,0.019771004999711003,0.002061701999991,1.205453588000635,0.000532074000147,0.000642383999547,1.5310047640004991,5,88.52865615255075
A,covtype,xgb,joblib,100,32,1776909.0,0.04375526900003,0.081989121999868,1.102099177000127,0.020166264000181,0.0028875549996880004,1.245325931000477,0.001286362999962,0.001972039000065,1.729681720999906,5,88.49885395983976
A,covtype,xgb,joblib,100,1024,1776909.0,0.04375526900003,0.07468219500060501,1.066950018999705,0.019597778999923002,0.017237648999980003,1.221222865000526,0.01594497500082,0.018839448999642003,3.156888143000287,5,87.36734707298865
A,covtype,xgb,joblib,500,1,8944283.0,0.04375526900003,0.07533678300023801,1.057269561000794,0.11283526599981901,0.003888162000293,1.385774328001387,0.001158679000582,0.00161177999962,1.913677277000715,5,76.29449756986232
A,covtype,xgb,joblib,500,32,8944283.0,0.04375526900003,0.074006962999192,1.072347096999692,0.10172238399991301,0.008348552000825,1.302745827999386,0.005145074999745001,0.0077237879995660005,2.209527802999218,5,82.31437583235135
A,covtype,xgb,joblib,500,1024,8944283.0,0.04375526900003,0.075657925000086,1.08681706399966,0.098973174999628,0.083035231000394,1.402791733999946,0.083770575000016,0.15668682800060102,12.027958530999967,5,77.47529712772757
A,covtype,xgb,native,100,1,1766564.0,0.04375526900003,0.092595121000158,1.08226323099916,0.024776338999799002,0.001996427999984,1.275025643998559,0.00041154699920200005,0.0005416049998530001,1.596110404999308,5,84.8816834463906
A,covtype,xgb,native,100,32,1766564.0,0.04375526900003,0.074901422999573,1.06101921499976,0.016744397000366,0.002789247000691,1.2026220310008269,0.0011082439996240002,0.001230867999765,1.57611788000031,5,88.22549293536353
A,covtype,xgb,native,100,1024,1766564.0,0.04375526900003,0.078022890999818,1.06996422300017,0.016004153000722002,0.017005376000270002,1.225362478000532,0.015696446999754,0.019616085000052002,3.294119072999819,5,87.31818071874284
A,covtype,xgb,native,500,1,8933936.0,0.04375526900003,0.07774734000031401,1.102409078999699,0.079178191999744,0.015320636000069,1.328951673000118,0.0011288920004510002,0.0016411619999410001,1.768334393000259,5,82.95328576629144
A,covtype,xgb,native,500,32,8933936.0,0.04375526900003,0.07715586499944001,1.072017913999843,0.079776257999583,0.01980637700035,1.29469865699957,0.00585171899911,0.007444634999956,2.188549455000611,5,82.80057357008589
A,covtype,xgb,native,500,1024,8933936.0,0.04375526900003,0.075562926999737,1.072819095999875,0.075913702000434,0.10090822500023901,1.369005421000109,0.088397481999891,0.156854699000177,12.290309154999704,5,78.3648537502606
A,covtype,xgb,onnx,100,1,1236255.0,0.04375526900003,0.10507072200016401,0.05780665499969401,0.059549636000156,0.000764156999139,0.272404016999642,5.6269000197062276e-05,7.718500000919448e-05,0.337536439000359,5,21.22092604815368
A,covtype,xgb,onnx,100,32,1236255.0,0.04375526900003,0.075401210000563,0.040423691999421,0.039564142000017004,0.0014137940006540002,0.202933842000672,0.0008090119999900001,0.00089189800019,0.33173555800021803,5,19.919640608433927
A,covtype,xgb,onnx,100,1024,1236255.0,0.04375526900003,0.07949871799974001,0.041247424000175004,0.039701160000731005,0.025705584000206002,0.22974589600107403,0.024811117000353003,0.030039069999475,2.814701247000812,5,17.9534976328727
A,covtype,xgb,onnx,500,1,6337442.0,0.04375526900003,0.108923355000115,0.06034346300020801,0.35535083600007,0.0017538080001030002,0.5680060450004001,0.00043694800024200004,0.0004962390003120001,0.6989273439994571,5,10.623736055514252
A,covtype,xgb,onnx,500,32,6337442.0,0.04375526900003,0.073473989999911,0.040555506000600004,0.23067779900065902,0.005753475000346,0.3944387830006201,0.0049586490004,0.005250111999885,0.9479057190001181,5,10.281825152202707
A,covtype,xgb,onnx,500,1024,6337442.0,0.04375526900003,0.07450270800018101,0.044952019000447006,0.22043574700001,0.143593703000078,0.526577430000541,0.146353787999942,0.22105138699953303,16.713589887000126,5,8.536639901258363
A,covtype,xgb,pickle,100,1,1776884.0,0.04375526900003,0.077787265999177,1.10532005100049,0.026733147999948,0.002709192999645,1.2900553250010478,0.000584469000386,0.0008900549992170001,1.667408072000398,5,85.68005027223093
A,covtype,xgb,pickle,100,32,1776884.0,0.04375526900003,0.07760892300029801,1.086842018999959,0.018066384999656,0.0029155929996700003,1.230773719998977,0.001287948999561,0.0019470470006120002,1.657996972000546,5,88.30559194917343
A,covtype,xgb,pickle,100,1024,1776884.0,0.04375526900003,0.074536964999424,1.074023083000611,0.018492748000426003,0.022822947000349002,1.2335581330007679,0.016016536999813,0.029319735000171,3.478389748999689,5,87.06708295846018
A,covtype,xgb,pickle,500,1,8944258.0,0.04375526900003,0.077248051999958,1.052349273999425,0.099841815999752,0.003960635000112,1.269460232999333,0.001181552999696,0.001744895999763,1.665164943000491,5,82.8973800552268
A,covtype,xgb,pickle,500,32,8944258.0,0.04375526900003,0.07415198300077401,1.0523522089997641,0.09530712200012201,0.008177533999514,1.2773548249997462,0.005279604999486,0.006879353999465001,2.064260164999723,5,82.38526902655832
A,covtype,xgb,pickle,500,1024,8944258.0,0.04375526900003,0.073919204999583,1.051297873999828,0.09611046900045,0.09885732299972001,1.358582262999331,0.084293437999804,0.15488554300009102,11.986923192000177,5,77.38198139572987
B,breast,cat,joblib,100,1,121057.0,0.034793616999991006,0.083771726999884,1.733972534000031,0.001361924999855,0.003908359999968,1.8561281110002,0.000427971999897,0.000486980999994,2.379432970999914,5,93.41879602618896
B,breast,cat,joblib,100,32,121057.0,0.034793616999991006,0.089834807999977,1.750998142000071,0.0015125150000580001,0.004821664000019,1.874378887000032,0.0005807830000320001,0.0008034530001160001,2.506185173999938,5,93.41751308363095
B,breast,cat,joblib,100,1024,121057.0,0.034793616999991006,0.08170824700005101,1.752960986999824,0.0012987949999110002,0.005948170000010001,1.879706615999678,0.0019918319999300002,0.002320201999964,2.561145850999992,5,93.25715896720152
B,breast,cat,joblib,500,1,566858.0,0.034793616999991006,0.091830190000109,1.759608731999833,0.001967200999843,0.003969658999949,1.8920989510000912,0.000437246000046,0.000514646999818,2.445370171000149,5,92.9977119362479
B,breast,cat,joblib,500,32,566858.0,0.034793616999991006,0.08263148399987501,1.747891618000039,0.0021930010000230002,0.005116710000038,1.872626429999966,0.0006016879999600001,0.0007368900000980001,2.387983382999891,5,93.33904456320585
B,breast,cat,joblib,500,1024,566858.0,0.034793616999991006,0.080826728999909,1.741874356000153,0.001954046999799,0.006457087999933,1.86914110100008,0.002486870999973,0.005009612000094,2.554900061000126,5,93.19116438390697
B,breast,cat,joblib,2000,1,2237386.0,0.034793616999991006,0.08343853899987101,1.746051008999984,0.004569618999994,0.004267979999895,1.8685000009999142,0.0004946730000480001,0.0006230730000420001,2.37608248399988,5,93.44666888229047
B,breast,cat,joblib,2000,32,2237386.0,0.034793616999991006,0.09344751300000001,1.761631180999984,0.004279363999785,0.005466784999953,1.895116866999954,0.000777517999949,0.0015902190000360002,2.484470384000133,5,92.95633486649912
B,breast,cat,joblib,2000,1024,2237386.0,0.034793616999991006,0.08546596399992201,1.7924008689999482,0.004092975000048,0.007559206999985001,1.925785597000071,0.0039819950000030005,0.0049025939999860005,2.85652904199992,5,93.07374983965477
B,breast,cat,native,100,1,120184.0,0.034793616999991006,0.080247849999977,1.9644541259999642,0.002212503999999,0.0041274529999100005,2.0870206319999616,0.00032532299997000005,0.000381569999944,2.678418552000039,5,94.12720199691827
B,breast,cat,native,100,32,120184.0,0.034793616999991006,0.086496048000071,2.072627544999932,0.0016137909999540002,0.0044824940000580005,2.2457783270000373,0.000414258999853,0.0005117919999970001,2.79793186400002,5,92.28994331638225
B,breast,cat,native,100,1024,120184.0,0.034793616999991006,0.081251693000012,1.746328781999864,0.0015948000000200002,0.005241075999947001,1.868106273999613,0.0010574830000670001,0.0014871460000440001,2.510515163999798,5,93.48123317743463
B,breast,cat,native,500,1,565984.0,0.034793616999991006,0.08065644700013701,1.729780967000124,0.002990413999896,0.0036545049999850004,1.851157612000291,0.000324014999932,0.00038622000010900005,2.325155275000043,5,93.44320309554777
B,breast,cat,native,500,32,565984.0,0.034793616999991006,0.08214399000007601,1.738243317000069,0.0025590150000880003,0.004601376999971,1.8601406449998863,0.000463873999933,0.0005789269998780001,2.351735508000047,5,93.44687573343012
B,breast,cat,native,500,1024,565984.0,0.034793616999991006,0.08043326999995701,1.7438128020000931,0.0026047300000300003,0.006114490000072001,1.8723359090000702,0.001600308000206,0.002341721999982,2.496022046000007,5,93.1356811359445
B,breast,cat,native,2000,1,2236512.0,0.034793616999991006,0.08995551799989601,1.783578326999986,0.006355469000027001,0.0038839700000600002,1.921469533000047,0.000428595999892,0.000557995000008,2.435807444999909,5,92.82365899475037
B,breast,cat,native,2000,32,2236512.0,0.034793616999991006,0.08235299600005401,1.754958517999966,0.005691285000011001,0.004685380999944,1.882352709999962,0.000591612999869,0.00070454899992,2.393221004999986,5,93.23218271882752
B,breast,cat,native,2000,1024,2236512.0,0.034793616999991006,0.07941826700016401,1.731042173999867,0.005760072999919001,0.006951210999886001,1.859880274999908,0.003078183999832,0.005539833999819,2.637070839999978,5,93.07277448275279
B,breast,cat,onnx,100,1,538222.0,0.034793616999991006,0.07838680600002501,0.042331501999797,0.018015068000067,0.0005789899998940001,0.17728887099985702,1.585099994372285e-05,2.6091999870914154e-05,0.221531894999998,5,23.877134397133783
B,breast,cat,onnx,100,32,538222.0,0.034793616999991006,0.0790982420001,0.042161802000009005,0.017551355000023,0.0007661099998580001,0.17429701399976,0.00018443099997900002,0.00021758100001500002,0.23862615600000903,5,24.189629548138477
B,breast,cat,onnx,100,1024,538222.0,0.034793616999991006,0.082663454999874,0.04208418600001,0.018103735000067,0.006313677999969,0.18457569499980603,0.005332369000143,0.007285398000021001,0.784436846000062,5,22.80050252556504
B,breast,cat,onnx,500,1,2757944.0,0.034793616999991006,0.07996851100006,0.043060411000169004,0.07448337599998901,0.00084181499983,0.23314232399991203,3.3016999850588036e-05,5.435200000647456e-05,0.293350050999833,5,18.469581267528778
B,breast,cat,onnx,500,32,2757944.0,0.034793616999991006,0.081149530999937,0.042712820999895006,0.072389489999977,0.0014480330000870001,0.232242012999789,0.000626839999995,0.000732164000055,0.35114512000018205,5,18.391513425236205
B,breast,cat,onnx,500,1024,2757944.0,0.034793616999991006,0.07968816900006401,0.042326276000039006,0.07243283499997201,0.019082579000041,0.251161986999816,0.017838172999972,0.022011307000184003,2.145287382999868,5,16.852182332858362
B,breast,cat,onnx,2000,1,11109288.0,0.034793616999991006,0.081005332000131,0.044553915000051,0.298699925000164,0.001531032000002,0.45853349400010507,0.00031120199992000003,0.00036408000005300005,0.560135876000003,5,9.716610800091473
B,breast,cat,onnx,2000,32,11109288.0,0.034793616999991006,0.08521103600014601,0.045613956000124,0.28617491999989403,0.0035594209998630003,0.45216760099958603,0.0024524989999,0.0030060940000560003,0.7940011919999961,5,10.087842627222148
B,breast,cat,onnx,2000,1024,11109288.0,0.034793616999991006,0.089677456000117,0.04531667300011501,0.288236046000065,0.06769157999997301,0.5354011220000511,0.066805629999862,0.120910935999972,8.396016285000087,5,8.46406014818002
B,breast,cat,pickle,100,1,121057.0,0.034793616999991006,0.081751954000083,1.745499825000024,0.00199196199992,0.005128221999939,1.864360666999913,0.00044241899990900003,0.000574266000057,2.362364898999885,5,93.6245789720957
B,breast,cat,pickle,100,32,121057.0,0.034793616999991006,0.086358828000129,1.721299797000028,0.0009523300000180001,0.004889655999932001,1.8591699960001031,0.0005699640000780001,0.000802947000011,2.377901374999965,5,92.58431454376444
B,breast,cat,pickle,100,1024,121057.0,0.034793616999991006,0.08356760700007701,1.775284720000172,0.001065667000148,0.006461036000018,1.901172647000406,0.001992757999914,0.0023956290001470003,2.5709963879999123,5,93.37840636415346
B,breast,cat,pickle,500,1,566858.0,0.034793616999991006,0.082166475000121,1.762117275000037,0.0016169250000070002,0.003919386000006,1.8845097700001339,0.00045497800010700005,0.0006613460000150001,2.388779596999939,5,93.5053403835583
B,breast,cat,pickle,500,32,566858.0,0.034793616999991006,0.08696378700005801,1.747785632999921,0.0015617859999110001,0.00490607000006,1.876099546000089,0.000573122000105,0.0006816100001280001,2.396456186000023,5,93.16060209738136
B,breast,cat,pickle,500,1024,566858.0,0.034793616999991006,0.08309103200008301,1.7514765690000331,0.001678537000088,0.0064296600000940006,1.877365849000055,0.002389325000194,0.004414907999944,2.575489604999802,5,93.29436614248232
B,breast,cat,pickle,2000,1,2237386.0,0.034793616999991006,0.08180235700001501,1.7456691400000182,0.003798401999802,0.004148580999981001,1.8686091329999481,0.000510531999907,0.000601170999971,2.426393844999893,5,93.42077533343976
B,breast,cat,pickle,2000,32,2237386.0,0.034793616999991006,0.086129634999906,2.097370448999982,0.005948085999989,0.006327878999854,2.233157770999809,0.000765611999895,0.0010939610001510002,2.842991968999968,5,93.91949266804225
B,breast,cat,pickle,2000,1024,2237386.0,0.034793616999991006,0.082676798999955,2.14877725999986,0.0037305549999470003,0.007881657000098,2.318694769000215,0.004011975999901001,0.00513967300003,3.245986744999982,5,92.67184662370973
B,breast,lgb,joblib,100,1,242308.0,0.034793616999991006,0.080233078999981,2.132415379000008,0.003550950000089,0.005293673999972001,2.2555969750000022,0.0014144589999880001,0.0018619830000260002,2.863636357000018,5,94.53884726015853
B,breast,lgb,joblib,100,32,242308.0,0.034793616999991006,0.08752558899993801,2.097333668999908,0.003962844000056,0.005615275999957,2.2287160419998577,0.001535590000003,0.0034803150000470005,3.110647412000048,5,94.10501963803075
B,breast,lgb,joblib,100,1024,242308.0,0.034793616999991006,0.082231208000052,2.104150769000057,0.0035623989999740003,0.009950097000000001,2.231298432000014,0.006696276999946,0.010936276000052,3.432125418000055,5,94.30162898980802
B,breast,lgb,joblib,500,1,444548.0,0.034793616999991006,0.083110390000001,2.092918322999935,0.006338124000080001,0.005374869999968001,2.2183934150000346,0.0014126849999910002,0.002118953999911,2.86251323700003,5,94.34387556545745
B,breast,lgb,joblib,500,32,444548.0,0.034793616999991006,0.080831425000042,2.086542050000048,0.00656745699996,0.0059179710000300005,2.2125958340001253,0.0017916100000540001,0.0021536480001030003,2.921054317000084,5,94.30290059923931
B,breast,lgb,joblib,500,1024,444548.0,0.034793616999991006,0.08044281100001101,2.166036897000026,0.006483957999989001,0.016758363000008002,2.303324800999916,0.012937063999970001,0.018495306999966002,4.21968015799996,5,94.03957687859345
B,breast,lgb,joblib,2000,1,444548.0,0.034793616999991006,0.08025888299994201,2.089574844000026,0.006396691999952001,0.0051315989999230005,2.216248902000072,0.0014502980000080001,0.001877172000149,2.832655325999894,5,94.28430363188323
B,breast,lgb,joblib,2000,32,444548.0,0.034793616999991006,0.08139046499991301,2.096118535999949,0.006384146000073001,0.005801968000014,2.223205559999881,0.0018007230000870002,0.0039247849999810005,2.896530828000095,5,94.28361343249166
B,breast,lgb,joblib,2000,1024,444548.0,0.034793616999991006,0.080222533000096,2.085603299000013,0.006399629000043001,0.016247786000121,2.2337438360001416,0.012849010000081,0.023184698999784002,4.140758891000132,5,93.3680606248299
B,breast,lgb,native,100,1,240319.0,0.034793616999991006,0.08375275600008,2.135992894000082,0.013517157000023,0.00036133000003200005,2.2662322620002415,4.5607999936692074e-05,7.666499993774778e-05,2.7400082800000973,5,94.25304413038377
B,breast,lgb,native,100,32,240319.0,0.034793616999991006,0.08692252000003,2.142770221999967,0.013837215000080002,0.000639433999936,2.278963008000004,0.00038820400004600005,0.000461018000009,2.798109504999956,5,94.0239141433209
B,breast,lgb,native,100,1024,240319.0,0.034793616999991006,0.08374214600007601,2.1554168870000012,0.014104157000019001,0.007690703999969001,2.296592593000012,0.00749234400007,0.009140560999981001,3.647695563999946,5,93.85281889220087
B,breast,lgb,native,500,1,442551.0,0.034793616999991006,0.092069855999966,2.135418998999967,0.016919224000048,0.000429602999929,2.268615779000014,5.681599998297316e-05,0.000110652999978,2.827040784000019,5,94.12872019876546
B,breast,lgb,native,500,32,442551.0,0.034793616999991006,0.08760135800002901,2.214863206000018,0.017622379000044,0.000943037999945,2.349848751000079,0.0005987619999810001,0.0008456939999630001,2.904820524999991,5,94.25556453611696
B,breast,lgb,native,500,1024,442551.0,0.034793616999991006,0.083023103999948,2.135396447000062,0.016591886000014003,0.016592930999991002,2.285510273999988,0.016411455000024,0.018519301999958,4.448608298999943,5,93.43193383518665
B,breast,lgb,native,2000,1,442552.0,0.034793616999991006,0.08204740900009701,2.069001627000034,0.016639287000089,0.00041597700010200005,2.211715685999819,5.458000009639364e-05,0.000112596000008,2.6762717890001113,5,93.54735964015781
B,breast,lgb,native,2000,32,442552.0,0.034793616999991006,0.077994722999847,2.092279752999957,0.016480068000191,0.000916367999934,2.222555474999693,0.0005746899998930001,0.000725992999832,2.763554475000091,5,94.13847152680164
B,breast,lgb,native,2000,1024,442552.0,0.034793616999991006,0.07952666699998101,2.087212393000072,0.021529896999936002,0.016537199999902,2.238356024000152,0.016313497000055,0.019332179999992,4.373688537000135,5,93.24756073745712
B,breast,lgb,onnx,100,1,148401.0,0.034793616999991006,0.11583635300007701,0.062545032000002,0.013929898000014,0.00072594300002,0.237441364000117,2.4846999963301645e-05,3.579999997782579e-05,0.32148323100000203,5,26.34125366630356
B,breast,lgb,onnx,100,32,148401.0,0.034793616999991006,0.12333708899996002,0.06432519600002701,0.014052245000016,0.001103108000052,0.23959999500004703,0.00034425700005100005,0.0005062149999730001,0.35696520999999803,5,26.846910409999957
B,breast,lgb,onnx,100,1024,148401.0,0.034793616999991006,0.08089959999995201,0.043328255999995006,0.009408976000031,0.006672287000014001,0.18054067699995002,0.006099740999957,0.007580741000083001,0.847732879999966,5,23.99916557308966
B,breast,lgb,onnx,500,1,238371.0,0.034793616999991006,0.11890746199992401,0.06535510100002201,0.018203244999995,0.000761943999918,0.23787499799982204,3.9751000031174044e-05,5.353000005925424e-05,0.32208878799997304,5,27.474556615685565
B,breast,lgb,onnx,500,32,238371.0,0.034793616999991006,0.118608826000013,0.061025158000006005,0.017739969999979,0.0017471659999720001,0.236743562000127,0.0008550930000410001,0.0010024059999970002,0.41054878099998804,5,25.776902858280586
B,breast,lgb,onnx,500,1024,238371.0,0.034793616999991006,0.084399270999938,0.043888353999932,0.011835449000045,0.016791893000004002,0.19129091900015102,0.016186960000027003,0.018082941999978,1.8935623520000031,5,22.943250118369367
B,breast,lgb,onnx,2000,1,238371.0,0.034793616999991006,0.07997599600003001,0.042183477999969,0.011690385000065001,0.0005412349999000001,0.16912424500003204,2.2455999896919824e-05,3.2582999892838416e-05,0.21903741699998103,5,24.942300851046525
B,breast,lgb,onnx,2000,32,238371.0,0.034793616999991006,0.07932380199986201,0.042331605000072006,0.011726252000016,0.001224403999913,0.169891244000039,0.0005738020001890001,0.000616986000068,0.272776123000085,5,24.91688447467151
B,breast,lgb,onnx,2000,1024,238371.0,0.034793616999991006,0.08112852300018801,0.044821685999977004,0.011799125999914001,0.016616036999948,0.18909063500029605,0.016188164999903002,0.022395211999992,1.913258151000036,5,23.703810609080048
B,breast,lgb,pickle,100,1,242134.0,0.034793616999991006,0.082184084000004,2.405197972999985,0.002840377999973,0.008077188000015001,2.533648894000064,0.001346768000075,0.0017787439999210001,3.259722144999955,5,94.93020041947153
B,breast,lgb,pickle,100,32,242134.0,0.034793616999991006,0.09098042099992601,2.171672805000071,0.0028470949999920003,0.005704292000018,2.3341878380000463,0.0016650940000310002,0.002280106000057,3.007825287999935,5,93.03761975132132
B,breast,lgb,pickle,100,1024,242134.0,0.034793616999991006,0.08580174200005701,2.145660664000047,0.004259879000073,0.017623459999981002,2.288499364000129,0.006830358000001001,0.00833511199994,3.63597061400003,5,93.75841207356027
B,breast,lgb,pickle,500,1,444368.0,0.034793616999991006,0.08986652400005801,2.115999339999916,0.005876396999951,0.00563360500007,2.241245737999859,0.0014016979999950001,0.0016426769999490002,2.866918947000044,5,94.4117507564469
B,breast,lgb,pickle,500,32,444368.0,0.034793616999991006,0.079536960999917,2.081846153000015,0.005720807999978,0.0059372010000510005,2.2078397729998183,0.001838680000105,0.0025314570000310004,2.880676873000084,5,94.29335309832678
B,breast,lgb,pickle,500,1024,444368.0,0.034793616999991006,0.0803437940001,2.116366063999976,0.005717957000001,0.015981337000084,2.2515752069999726,0.012791150999987,0.016260322999983,4.802007727000046,5,93.99490887181375
B,breast,lgb,pickle,2000,1,444369.0,0.034793616999991006,0.085002522999957,2.157949313000017,0.005622131999871,0.0052780949999940005,2.3010124589999337,0.0015140530001640001,0.0019049520001310001,3.027253387999963,5,93.7826001141213
B,breast,lgb,pickle,2000,32,444369.0,0.034793616999991006,0.083328030000075,2.116588761999992,0.005944817999989,0.005937351000056001,2.2435713959999912,0.001860632000216,0.004906914999992001,2.938974544000075,5,94.34015631388449
B,breast,lgb,pickle,2000,1024,444369.0,0.034793616999991006,0.08524120800007001,2.072843036999984,0.005727614000079001,0.015826155000013,2.208570797999867,0.01282543100001,0.02000054899986,4.421271352000076,5,93.85449807075231
B,breast,xgb,joblib,100,1,113946.0,0.034793616999991006,0.08317798699999901,1.172868146000155,0.0035168340000380004,0.0019432300000510002,1.291433293999828,0.00042652299998700003,0.000604828999939,1.655516562999992,5,90.81910397149102
B,breast,xgb,joblib,100,32,113946.0,0.034793616999991006,0.08366046599985501,1.176210762999971,0.0035862289998930003,0.001740700000027,1.320095846999831,0.000503050999896,0.0007318450000180001,1.69715132400006,5,89.10040628285695
B,breast,xgb,joblib,100,1024,113946.0,0.034793616999991006,0.084435960999826,1.164695058999996,0.0035957960001260004,0.0034299960000220005,1.291323572000349,0.0020976159999,0.004065965000108,1.873743546000014,5,90.19389750593673
B,breast,xgb,joblib,500,1,420334.0,0.034793616999991006,0.08960974000001401,1.27570238300018,0.016327714999988002,0.0021833790001430002,1.455102421999866,0.0005070470001550001,0.000783722999813,1.86780801399982,5,87.67096829148824
B,breast,xgb,joblib,500,32,420334.0,0.034793616999991006,0.08543858400003,1.168945627999846,0.010328252000135001,0.0021060640001450003,1.298406474999977,0.0006317519998900001,0.0007991610000310001,1.69520761800004,5,90.02925127894689
B,breast,xgb,joblib,500,1024,420334.0,0.034793616999991006,0.10817265199989301,1.291006587000083,0.011493291000078001,0.0062689180001590005,1.4510284969998082,0.0048763150000460005,0.005506550000063001,2.306088205999913,5,88.97182858016977
B,breast,xgb,joblib,2000,1,1462624.0,0.034793616999991006,0.07884083199996801,1.131940614000086,0.036599841999986005,0.002158174999976,1.294860094999761,0.000605933000088,0.0007352919999440001,1.674615681999967,5,87.4179858018016
B,breast,xgb,joblib,2000,32,1462624.0,0.034793616999991006,0.086450526000135,1.232296210999948,0.039594181999973006,0.0027141370001110003,1.3957902690000301,0.0012012370000320002,0.0016786699998190002,1.855815322999888,5,88.28663147815092
B,breast,xgb,joblib,2000,1024,1462624.0,0.034793616999991006,0.080267555000091,1.179791629999954,0.038275695000038,0.015168840999876,1.348458458999968,0.014045373000044001,0.017392083999993,3.183606840000038,5,87.49187801268278
B,breast,xgb,native,100,1,103706.0,0.034793616999991006,0.079331959000001,1.181484818999933,0.0024275279999980003,0.0014759609998690002,1.299754999999888,0.000237890000107,0.00031182099996800004,1.657682930999954,5,90.90057887832974
B,breast,xgb,native,100,32,103706.0,0.034793616999991006,0.09598034400005401,1.192405990999987,0.0024738189999870003,0.0015007470001360001,1.3138740230000376,0.000323018000017,0.000549608000028,1.692481825999948,5,90.7549711864539
B,breast,xgb,native,100,1024,103706.0,0.034793616999991006,0.08068205599988601,1.150508655000067,0.002331784000034,0.0029748970000580003,1.274345534000188,0.0018393420000390002,0.003228803999945,1.8453349589999561,5,90.28231545557387
B,breast,xgb,native,500,1,410093.0,0.034793616999991006,0.08162823300017401,1.183611602999917,0.009081272999992,0.0017788370000740002,1.3180795280001099,0.000308682999957,0.000510118999955,1.699830554000072,5,89.79819334541841
B,breast,xgb,native,500,32,410093.0,0.034793616999991006,0.080757498999901,1.151971294999839,0.008834154000169,0.0018970579999400001,1.282026422999819,0.00045242700002700003,0.00055685999996,1.669193758000119,5,89.85550331360072
B,breast,xgb,native,500,1024,410093.0,0.034793616999991006,0.083184794999851,1.153416563000064,0.008724737999955,0.005670215999998,1.288111728999978,0.004541910999932001,0.007308556999987,2.08978497299995,5,89.54320786252879
B,breast,xgb,native,2000,1,1452382.0,0.034793616999991006,0.088758441999971,1.2240192439999191,0.030625422999946004,0.007438689999844,1.3804199759998692,0.00045943999998500004,0.000721802000043,1.8313129759999351,5,88.67006166824952
B,breast,xgb,native,2000,32,1452382.0,0.034793616999991006,0.08004563499980501,1.165332874000114,0.031379663999814005,0.0076940110000120005,1.3307902669999963,0.000900071999922,0.0012269129999820001,1.748947049999969,5,87.5669820329485
B,breast,xgb,native,2000,1024,1452382.0,0.034793616999991006,0.084264791999885,1.191457441000011,0.030918229999997004,0.019985733000112003,1.353334370999958,0.013703611999972,0.023213519999899002,3.236935595999966,5,88.03865966395735
B,breast,xgb,onnx,100,1,34765.0,0.034793616999991006,0.11974363399986,0.063561876999983,0.008684644000140001,0.0007730419999910001,0.23044595099997703,2.04699999812874e-05,3.2614000019748346e-05,0.316186873000106,5,27.582119244954466
B,breast,xgb,onnx,100,32,34765.0,0.034793616999991006,0.08018669700004401,0.041997187000106004,0.005865673000016,0.000644566000119,0.16608692000011002,0.00011121600005,0.000128918999962,0.22226969000007502,5,25.28626998446246
B,breast,xgb,onnx,100,1024,34765.0,0.034793616999991006,0.081552076000207,0.041889139000204,0.005832296999869001,0.0038704749999850002,0.168251733000373,0.00332017300002,0.0035985800000160003,0.556583349999982,5,24.896705818840594
B,breast,xgb,onnx,500,1,76910.0,0.034793616999991006,0.081478551999907,0.042199686999992006,0.007109821999847001,0.000557181999965,0.167823539999858,2.1493999838639862e-05,3.128999992441095e-05,0.21303325600001702,5,25.145272826462673
B,breast,xgb,onnx,500,32,76910.0,0.034793616999991006,0.11951462100000701,0.062801212999829,0.010570014999984001,0.001368331999856,0.22843010799976804,0.000686638999923,0.0008080879999850001,0.37979664300019,5,27.492528699366016
B,breast,xgb,onnx,500,1024,76910.0,0.034793616999991006,0.082025001999909,0.042363839000017,0.007168601000103,0.014821056000073001,0.17947758699972202,0.01339805800012,0.016885647999970003,1.614728615000103,5,23.603971787342235
B,breast,xgb,onnx,2000,1,133576.0,0.034793616999991006,0.079116947999864,0.044066453999903006,0.008724703000098,0.0005786110000370001,0.16738725600009502,4.538100006357127e-05,7.745199991404661e-05,0.21874699599993602,5,26.326050771677618
B,breast,xgb,onnx,2000,32,133576.0,0.034793616999991006,0.080124682999894,0.043291456000133004,0.008193423999955,0.001751412999965,0.168374222999886,0.0011858100001510001,0.0013136869999920001,0.33843152999997905,5,25.711451093177317
B,breast,xgb,onnx,2000,1024,133576.0,0.034793616999991006,0.094315810999887,0.042467280000209,0.008447991000139,0.038340157999982,0.21821543800012702,0.038282349999917004,0.07101920400009401,4.780870721999918,5,19.461171211994763
B,breast,xgb,pickle,100,1,113921.0,0.034793616999991006,0.08234950699988901,1.178370667000081,0.003195400000095,0.0016872700000470002,1.2974634420000921,0.00041970500001200004,0.000543437000033,1.648795630999984,5,90.82110746670251
B,breast,xgb,pickle,100,32,113921.0,0.034793616999991006,0.167636507999986,1.9236317590000451,0.005577743999992,0.002155294999965,2.137555674999814,0.0007245369999960001,0.000802618000079,2.785417084999835,5,89.99212425193147
B,breast,xgb,pickle,100,1024,113921.0,0.034793616999991006,0.08415542900002,1.155432755999982,0.0031408690001620003,0.003280495999888,1.292951286000174,0.0020948909998420003,0.0033621430000030004,1.839946056999906,5,89.36398211678846
B,breast,xgb,pickle,500,1,420309.0,0.034793616999991006,0.081759711999893,1.169998625000062,0.011032958999976,0.002065659999971,1.2967250010000262,0.00048400999980900006,0.0006997680000040001,1.673426758000005,5,90.22719729300866
B,breast,xgb,pickle,500,32,420309.0,0.034793616999991006,0.08554714199999501,1.18047540800012,0.010020526000062,0.002055435000102,1.3236677330002051,0.00063864599997,0.000794696999946,1.7151863330000192,5,89.18215489958892
B,breast,xgb,pickle,500,1024,420309.0,0.034793616999991006,0.09152312600008301,1.226832418999947,0.010521414999857,0.0059728889998490005,1.359019621999662,0.004880414999888,0.006244401999992001,2.2423578129998982,5,90.27334110119656
B,breast,xgb,pickle,2000,1,1462599.0,0.034793616999991006,0.08105609700010001,1.161320855999974,0.035849485999960004,0.002191458999959,1.313900240999939,0.0006184590001790001,0.0008513559998840001,1.693088062000015,5,88.3872930197619
B,breast,xgb,pickle,2000,32,1462599.0,0.034793616999991006,0.079339554999933,1.13816179499986,0.035682651000115,0.0026337670001330003,1.2973616449997951,0.001074435999953,0.0012852950001160002,1.7256196620000992,5,87.72895355635704
B,breast,xgb,pickle,2000,1024,1462599.0,0.034793616999991006,0.081026214999837,1.134016741000095,0.039392797000118,0.015251958999897001,1.301511393000393,0.013931806000073,0.016248144999963,3.05519901699995,5,87.13075790952777
B,calif,cat,joblib,100,1,119357.0,0.034793616999991006,0.082589569999981,1.733499401000244,0.0012016880000370002,0.004176584000106,1.8569491690003561,0.0006303919999480001,0.000718422999852,2.471181326000078,5,93.35201145723508
B,calif,cat,joblib,100,32,119357.0,0.034793616999991006,0.08310385300001101,1.728345871999863,0.001211189000059,0.005458751999867,1.84883959199976,0.0007772449998810001,0.0009570669999440001,2.377242078999643,5,93.48273800921974
B,calif,cat,joblib,100,1024,119357.0,0.034793616999991006,0.08210338800017701,1.723891811999692,0.00126100899979,0.005386016000102,1.845536759999389,0.0011452620001360001,0.0013696009996230002,2.432921611999973,5,93.40869547351973
B,calif,cat,joblib,500,1,565022.0,0.034793616999991006,0.082382547999714,1.708874493000166,0.002360404999762,0.004143020000356001,1.8258294970004252,0.000631527000223,0.000701191999723,2.381027936000009,5,93.59441808819501
B,calif,cat,joblib,500,32,565022.0,0.034793616999991006,0.078556015000231,1.698926136999944,0.001874456999757,0.0050986520000150005,1.8198982289999301,0.0008088009999480001,0.000908895000065,2.352339167000082,5,93.35281005979863
B,calif,cat,joblib,500,1024,565022.0,0.034793616999991006,0.077370703999804,1.708647579999706,0.0018814410000230002,0.005706411000119,1.830055322000019,0.0015913209999780002,0.0019540170001160003,2.455672177999986,5,93.3658977113528
B,calif,cat,joblib,2000,1,2230518.0,0.034793616999991006,0.07912769799986501,1.679108772999825,0.004308222000418,0.004367884000203001,1.802480120999801,0.0006937670000290001,0.0008260360000340001,2.306535675000304,5,93.15546692789354
B,calif,cat,joblib,2000,32,2230518.0,0.034793616999991006,0.080437662999884,1.671812914000384,0.004100986000139,0.005247644000064,1.791944106000641,0.000930830000015,0.001054341999861,2.329798309000125,5,93.29604134425976
B,calif,cat,joblib,2000,1024,2230518.0,0.034793616999991006,0.086561924999841,1.69590721700024,0.004146364000007,0.007070711999858001,1.843127568999419,0.0030878820002720004,0.004181355000127,2.608836078999957,5,92.01247084166286
B,calif,cat,native,100,1,118880.0,0.034793616999991006,0.08203438800001,1.7060794980002352,0.001528939999843,0.003853983999761,1.8423673009996242,0.000620757999968,0.0008022779998100001,2.354427873999611,5,92.60257154339189
B,calif,cat,native,100,32,118880.0,0.034793616999991006,0.07943884899987001,1.682820176000405,0.001529852999738,0.004696801000136,1.8024604229998409,0.0007648840000910001,0.000828970999918,2.333933307000279,5,93.36239256780361
B,calif,cat,native,100,1024,118880.0,0.034793616999991006,0.07854478599983801,1.692899837999903,0.0015721210002080002,0.005098697999983,1.81435814399981,0.001148324000041,0.0013720700003430001,2.3845739600001252,5,93.30571494930166
B,calif,cat,native,500,1,564544.0,0.034793616999991006,0.08231763799994901,1.716691084000103,0.0025741519998510004,0.004050378000101,1.837817769000023,0.000643127999865,0.0007773829997850001,2.362368416999743,5,93.40921134602881
B,calif,cat,native,500,32,564544.0,0.034793616999991006,0.090965942999901,1.689952002999689,0.00244759599991,0.00474506699993,1.8101640959997651,0.0008032539999470001,0.00087667400021,2.345342015999904,5,93.3590499742134
B,calif,cat,native,500,1024,564544.0,0.034793616999991006,0.07872413200038801,1.683756827999786,0.002514091999728,0.005406729000242001,1.804161319000171,0.0015756520001550002,0.0019369030001140002,2.408730320999893,5,93.32629018633929
B,calif,cat,native,2000,1,2230040.0,0.034793616999991006,0.08078938099970401,1.675674935999723,0.007807543000126001,0.004056672999922,1.801123432999587,0.0006942789996170001,0.0008016780002430001,2.300624123000034,5,93.03498612580135
B,calif,cat,native,2000,32,2230040.0,0.034793616999991006,0.08003189300006801,1.678571784000269,0.005791356999907,0.005009077000067,1.801630532000102,0.0009429379997520001,0.001049497000167,2.33154102699973,5,93.16959022318422
B,calif,cat,native,2000,1024,2230040.0,0.034793616999991006,0.078115896999861,1.6764134889999691,0.005793960000119,0.006834690999767,1.801728188999616,0.003132764999918,0.006325693999770001,2.599592658999881,5,93.04474999254876
B,calif,cat,onnx,100,1,466991.0,0.034793616999991006,0.112807944999985,0.06399221299989201,0.023538645000371002,0.0008536479999740001,0.24064920099942702,4.117800017411355e-05,5.5386999974871294e-05,0.31823907700027104,5,26.59149198672984
B,calif,cat,onnx,100,32,466991.0,0.034793616999991006,0.08065655799964501,0.044757368999853005,0.015811192000001,0.000912687999971,0.17693142399946102,0.00018544800013800002,0.000227971000185,0.24744965300033,5,25.296449883311485
B,calif,cat,onnx,100,1024,466991.0,0.034793616999991006,0.07839629599993701,0.042196385999886,0.015534365999883,0.004234431999975001,0.17694917600090102,0.0036683780003840005,0.003916181000022,0.594510786000228,5,23.84661344773436
B,calif,cat,onnx,500,1,2379412.0,0.034793616999991006,0.079354154999691,0.042968803000349005,0.061711921999631006,0.000820024999939,0.21902058900002203,8.657899979880314e-05,0.000111753000055,0.278880430999834,5,19.618613572601014
B,calif,cat,onnx,500,32,2379412.0,0.034793616999991006,0.07913746199983501,0.042912914000226,0.062630933000036,0.001464811999994,0.22006270600047503,0.000725822000276,0.000791516999925,0.340561478999916,5,19.50031187934832
B,calif,cat,onnx,500,1024,2379412.0,0.034793616999991006,0.090800833999765,0.043052933000126005,0.062580643999808,0.018164008999974002,0.24765864699918302,0.017473319000146002,0.023536836999937003,2.206520161999833,5,17.383981347628065
B,calif,cat,onnx,2000,1,9571086.0,0.034793616999991006,0.111233617999914,0.058639552999920005,0.357455146999654,0.001518959999884,0.5673269959996761,0.000358639999831,0.00043265300018900004,0.711253958999805,5,10.336111874350765
B,calif,cat,onnx,2000,32,9571086.0,0.034793616999991006,0.077282163999825,0.054243967999809004,0.24222162700016203,0.004026867999982,0.40622898699973403,0.0031283650000650002,0.0036907730000160003,0.7850948489999611,5,13.353052031179773
B,calif,cat,onnx,2000,1024,9571086.0,0.034793616999991006,0.07818176299997501,0.046831614999973,0.24241871999993203,0.07480965600007,0.47800152900015,0.074281339000208,0.09593222300009001,8.814999960000023,5,9.79737765649664
B,calif,cat,pickle,100,1,119357.0,0.034793616999991006,0.084746016999815,1.748968528000205,0.000912477999918,0.004129514999931,1.869033578000538,0.0006266010000210001,0.0007888169998290001,2.3929418000002443,5,93.57608919317668
B,calif,cat,pickle,100,32,119357.0,0.034793616999991006,0.09220094800002601,1.720414394999807,0.0009073119999810001,0.0051220979999010005,1.848539626000613,0.0007889859998610001,0.0011808149997700002,2.475985466000111,5,93.06884044038537
B,calif,cat,pickle,100,1024,119357.0,0.034793616999991006,0.08427721599991801,1.7478423760003352,0.0009085310002770001,0.005409728999893001,1.8732109700002852,0.0011346289998070001,0.0014040699998070002,2.436485727000217,5,93.30728914106611
B,calif,cat,pickle,500,1,565022.0,0.034793616999991006,0.08762063199992501,1.698691970000254,0.001821642000322,0.004256165000242,1.819557985000185,0.0006325519998420001,0.000692837999849,2.436545579000267,5,93.35739690648448
B,calif,cat,pickle,500,32,565022.0,0.034793616999991006,0.081045852999977,1.694410549000167,0.0015863430003260001,0.005106915999931,1.8139041690000102,0.000794768000105,0.000879204999819,2.340244391999931,5,93.4123520943381
B,calif,cat,pickle,500,1024,565022.0,0.034793616999991006,0.081646540000292,1.67305583999996,0.0016697759997440001,0.00586208300001,1.792904877000067,0.001576359999944,0.0018693140000320002,2.3827035989997962,5,93.31537113108635
B,calif,cat,pickle,2000,1,2230518.0,0.034793616999991006,0.080941493999944,1.67962569500014,0.0039410520003,0.0043768369996540005,1.816127506000041,0.0006940440002830001,0.000809603000107,2.330538612999589,5,92.48390817555858
B,calif,cat,pickle,2000,32,2230518.0,0.034793616999991006,0.08006328600004001,1.7044596509999792,0.0038134839996920005,0.006713191000017001,1.827543221999688,0.0009526120002190001,0.0020356380000520003,2.384676919999947,5,93.26508016237057
B,calif,cat,pickle,2000,1024,2230518.0,0.034793616999991006,0.07950753399973101,1.687104892000206,0.00381392700001,0.007322377000036,1.809802372000261,0.0031614130002700002,0.004255544999978001,2.6284580390001793,5,93.22039345851641
B,calif,lgb,joblib,100,1,288782.0,0.034793616999991006,0.078319754000176,2.139643156000147,0.0036586569999590003,0.004982445000223001,2.259857424000413,0.000989896999953,0.001134604000071,2.8540249950001453,5,94.68044900870508
B,calif,lgb,joblib,100,32,288782.0,0.034793616999991006,0.08001725899976,2.131003631000112,0.003424311999879,0.004434563999893001,2.2587277929995917,0.0011682839999590001,0.001534006999918,2.894705196999894,5,94.34530524681499
B,calif,lgb,joblib,100,1024,288782.0,0.034793616999991006,0.087189497000053,2.184327981000024,0.0035607329996310004,0.009671165999861,2.319194313000364,0.006555031000061001,0.010251125000195,3.510329509000257,5,94.18477653017948
B,calif,lgb,joblib,500,1,1424984.0,0.034793616999991006,0.081618400000024,2.166207823999684,0.015156921999732,0.0046842140000080005,2.302300733999685,0.001090076999844,0.0012776219996330001,2.941232829,5,94.08883001294221
B,calif,lgb,joblib,500,32,1424984.0,0.034793616999991006,0.086664385999938,2.199535707999985,0.015013611000085001,0.005525660999865001,2.3554159899998677,0.00199060299974,0.0024103820001070003,3.062144625000201,5,93.38204874800516
B,calif,lgb,joblib,500,1024,1424984.0,0.034793616999991006,0.08460746199989401,2.15291495800011,0.015170758000294,0.026048912000078,2.328080147999911,0.024197336999804003,0.028601005999917002,5.439629032000084,5,92.47598111472716
B,calif,lgb,joblib,2000,1,5744699.0,0.034793616999991006,0.08429523600034301,2.152187030999812,0.061677434000102005,0.005311460000029001,2.3744816379993354,0.0014350329997790002,0.001876739000181,3.034344835999945,5,90.63818378537465
B,calif,lgb,joblib,2000,32,5744699.0,0.034793616999991006,0.082947086999865,2.098302954000246,0.060872425999605004,0.009599954999885,2.285648737999847,0.0057992649999500006,0.006970617999741,3.413285695000013,5,91.8033868947183
B,calif,lgb,joblib,2000,1024,5744699.0,0.034793616999991006,0.083358675999988,2.133687923000252,0.061922732000311,0.144701312000051,2.478634774000395,0.14256086100022,0.291232607999972,20.493142169999828,5,86.08319165782477
B,calif,lgb,native,100,1,287318.0,0.034793616999991006,0.084482112999921,2.189951959999689,0.018517799000164002,0.000506653000229,2.3256216539992898,8.239399994636187e-05,0.000115410000034,2.941971741000088,5,94.16630414640771
B,calif,lgb,native,100,32,287318.0,0.034793616999991006,0.08072791500035201,2.143096995000178,0.017641925000134,0.000797176000105,2.27266437100013,0.000332357999923,0.0005387650003280001,2.808209086999795,5,94.29887766740792
B,calif,lgb,native,100,1024,287318.0,0.034793616999991006,0.08158229099990401,2.13766936500042,0.014591475999623,0.008645294999951,2.3160771320002578,0.008419556000262,0.009897804000047,3.697529055999894,5,92.29698508159106
B,calif,lgb,native,500,1,1423518.0,0.034793616999991006,0.080982225999832,2.109250302999953,0.024530922999929,0.000499598999795,2.247944174000052,8.610899976702059e-05,0.00015492500006,2.81220823700005,5,93.8301905979585
B,calif,lgb,native,500,32,1423518.0,0.034793616999991006,0.080605156000274,2.164384907000112,0.024511172000075,0.0016531599999320002,2.305948012000384,0.0012624650003090002,0.0015051919999670002,2.9650139949999352,5,93.86095851842438
B,calif,lgb,native,500,1024,1423518.0,0.034793616999991006,0.079692242999954,2.129882447999989,0.025128965000021004,0.035712018000140004,2.3053752839999757,0.036156914999992004,0.047387177000018,6.990894618999846,5,92.38766732609818
B,calif,lgb,native,2000,1,5743233.0,0.034793616999991006,0.085203919999912,2.171217688000069,0.066223087999787,0.0009111780000230001,2.3544945940001267,0.000316804999783,0.00037105299998000003,2.8741573790002803,5,92.2158705963014
B,calif,lgb,native,2000,32,5743233.0,0.034793616999991006,0.080991392000214,2.113557366999885,0.065325878000294,0.009531483000046,2.323608312000373,0.007940809000047,0.009053634999872,3.663164930999755,5,90.96013971392375
B,calif,lgb,native,2000,1024,5743233.0,0.034793616999991006,0.08252876100004801,2.758035781000217,0.10239034200003501,0.29443814600017504,3.272418247000472,0.24132287900010801,0.307201921999876,28.89881974500031,5,84.28127375002438
B,calif,lgb,onnx,100,1,223504.0,0.034793616999991006,0.08347750699977001,0.043330050000349,0.011094158000105001,0.000519490999977,0.170790649999502,1.1021000318578441e-05,1.957199992830283e-05,0.217174656000224,5,25.37027056251343
B,calif,lgb,onnx,100,32,223504.0,0.034793616999991006,0.07996151899988001,0.043109463000291004,0.010733762000199001,0.0007090150002110001,0.16926645300043003,0.000182240999947,0.00020905800010900002,0.23503726699982502,5,25.46840335821386
B,calif,lgb,onnx,100,1024,223504.0,0.034793616999991006,0.079904998000074,0.042684311000357,0.010580764000224,0.005388104000303,0.17341070100098802,0.004845908999868,0.005447530999845,0.717879601999811,5,24.614577274624942
B,calif,lgb,onnx,500,1,1149338.0,0.034793616999991006,0.11807970600011601,0.062281124000037005,0.055132218999915,0.0008477060000580001,0.27503412600014904,3.188900018358254e-05,5.6067000059556456e-05,0.36911884199980705,5,22.64487134952964
B,calif,lgb,onnx,500,32,1149338.0,0.034793616999991006,0.082307536999906,0.042578434999995,0.036220928000147,0.001226043999849,0.197511516000189,0.0006297840000110001,0.000723420999747,0.321057397999993,5,21.557444275783016
B,calif,lgb,onnx,500,1024,1149338.0,0.034793616999991006,0.07876946299984401,0.042708497000148005,0.036090359999889,0.016941243000019,0.21265353200067003,0.016452028000003,0.018385804999979,1.9367944529999472,5,20.083605759256066
B,calif,lgb,onnx,2000,1,4630840.0,0.034793616999991006,0.11543199399966302,0.058254093999948006,0.19923489899974803,0.0011530629999460002,0.4121129310000211,0.00016740699993500002,0.00019680200011800003,0.524494591999882,5,14.135468610167202
B,calif,lgb,onnx,2000,32,4630840.0,0.034793616999991006,0.11289438799985801,0.057727537000118005,0.19565928200017801,0.0038491489999610004,0.40808564499991107,0.0029404060001070004,0.003279492000274,0.8053574740001751,5,14.145936694276658
B,calif,lgb,onnx,2000,1024,4630840.0,0.034793616999991006,0.085399611999946,0.042911020999781,0.135064132000024,0.056873274000281006,0.358568103000718,0.056805938999787,0.080079088999809,6.581617820000247,5,11.967328002874554
B,calif,lgb,pickle,100,1,288782.0,0.034793616999991006,0.081060338000042,2.159442265000052,0.003046025999992,0.004610934000083,2.281160634999989,0.0009804050000630001,0.0012923530000530001,2.917179501000191,5,94.66419119581478
B,calif,lgb,pickle,100,32,288782.0,0.034793616999991006,0.09809169300001401,2.11894990199994,0.004524471999957,0.006804966000117,2.2821660860000716,0.0011553800000000001,0.0022806570000280003,2.908819470000026,5,92.84818992792067
B,calif,lgb,pickle,100,1024,288782.0,0.034793616999991006,0.08047881900006301,2.431831198000054,0.0030236520001380002,0.009848968000142,2.571237056000084,0.006467905999897001,0.011322924000069,3.814650372999949,5,94.57825727601735
B,calif,lgb,pickle,500,1,1424984.0,0.034793616999991006,0.083432073000039,2.167642671999601,0.014975267999943,0.004752794000069001,2.3265933499995963,0.001037484999869,0.001166072999694,3.158910002999619,5,93.16809368512882
B,calif,lgb,pickle,500,32,1424984.0,0.034793616999991006,0.083235082000101,2.123078515000088,0.014417474999845001,0.005235391000042,2.2595602610002734,0.001843628000187,0.004420801999913001,2.970067702999586,5,93.95980942151253
B,calif,lgb,pickle,500,1024,1424984.0,0.034793616999991006,0.08315875500011301,2.174393440000131,0.015476623999802002,0.025726612000198,2.337064750999956,0.023747432000163,0.030964126999606004,5.484171556999627,5,93.03950346560902
B,calif,lgb,pickle,2000,1,5744699.0,0.034793616999991006,0.080862294000326,2.087155802999859,0.060198284000307,0.005192632999751001,2.267290253000621,0.001388453000345,0.0018810730002760002,2.898624341000413,5,92.05507765217247
B,calif,lgb,pickle,2000,32,5744699.0,0.034793616999991006,0.08288622200007001,2.133759517000271,0.060640221000085,0.009383243000229,2.356245387000738,0.005760194000231001,0.007744117999664001,3.4721901130001243,5,90.55761037335466
B,calif,lgb,pickle,2000,1024,5744699.0,0.034793616999991006,0.081330387999969,2.081979055999909,0.061739839999972006,0.144717970999863,2.4022918849999533,0.14332515299975002,0.29465235799989303,20.136815720999948,5,86.66636510741698
B,calif,xgb,joblib,100,1,473287.0,0.034793616999991006,0.088893778000056,1.252794406999783,0.005249774999811,0.0014744139998580002,1.376975719999676,0.00035977300012700005,0.000523997000072,1.8311901320003012,5,90.98159022005687
B,calif,xgb,joblib,100,32,473287.0,0.034793616999991006,0.08951014900003401,1.221878948000267,0.0055565119996570005,0.0018448020000500001,1.3530642990007202,0.000516126000093,0.0006174000000100001,1.736493026000062,5,90.30457376657283
B,calif,xgb,joblib,100,1024,473287.0,0.034793616999991006,0.087934486999984,1.277633338000214,0.005896005000067,0.004311702999984001,1.410009814000543,0.0029554160000770002,0.0053207349997130005,2.080168552000032,5,90.61166279227912
B,calif,xgb,joblib,500,1,2260653.0,0.034793616999991006,0.10269198700007101,1.231695625000156,0.023371629999928003,0.002358079000259,1.39486974500039,0.00051742100004,0.0007083099999360001,1.900564051999936,5,88.30183817628159
B,calif,xgb,joblib,500,32,2260653.0,0.034793616999991006,0.084228782000081,1.225273801000185,0.022198409000338003,0.003021646999968,1.3769356479996289,0.00130691700042,0.001746746000208,1.858800572999825,5,88.98555301260637
B,calif,xgb,joblib,500,1024,2260653.0,0.034793616999991006,0.090239968000332,1.204132128999845,0.022292751999884,0.014503038999919001,1.364177816000276,0.012376863000099,0.017550756999753,2.99398737499996,5,88.2679746640596
B,calif,xgb,joblib,2000,1,8981631.0,0.034793616999991006,0.082518017999973,1.202578671000083,0.08788056799994501,0.003218543999992,1.4131024160004682,0.000977723999767,0.001661409999996,1.849582968000049,5,85.10201789929461
B,calif,xgb,joblib,2000,32,8981631.0,0.034793616999991006,0.09131787000023901,1.240936242000316,0.08297633600022801,0.007617266999659001,1.4559073050003222,0.005394418999912,0.00707406399988,2.36553060999995,5,85.23456388592277
B,calif,xgb,joblib,2000,1024,8981631.0,0.034793616999991006,0.090290784999979,1.197318810000069,0.081806414999846,0.062136109999755,1.482278965000544,0.06330654400017001,0.104524225000204,9.71446934100004,5,80.77553809175384
B,calif,xgb,native,100,1,463064.0,0.034793616999991006,0.084989425000003,1.201171136000084,0.004319624000345,0.0017663019998500002,1.333404168999889,0.000290533999759,0.00048648599977200004,1.713048849999722,5,90.08304938037014
B,calif,xgb,native,100,32,463064.0,0.034793616999991006,0.081942217999767,1.185213904000193,0.0038648179997830003,0.001844961999722,1.3122900020001662,0.00042211200025100005,0.000617665999925,1.6788983989999902,5,90.31646222966826
B,calif,xgb,native,100,1024,463064.0,0.034793616999991006,0.08191987800000701,1.164026109999667,0.0037764610001430002,0.003988205000041,1.28524183599927,0.002592162999917,0.004402232999836,1.8959899040000892,5,90.56864454576687
B,calif,xgb,native,500,1,2250429.0,0.034793616999991006,0.08752029800007201,1.273086554999736,0.016599707999830002,0.003732327000307,1.415903726999544,0.000413185999605,0.0006385719998430001,1.808566850999795,5,89.91335574047444
B,calif,xgb,native,500,32,2250429.0,0.034793616999991006,0.10037663000002701,1.293786179999642,0.015854621000016,0.004598373999670001,1.4394585939998001,0.001071708999916,0.0014074539999450002,1.88010834600027,5,89.8800552786044
B,calif,xgb,native,500,1024,2250429.0,0.034793616999991006,0.08688288800021801,1.2101285549997551,0.016333165000105003,0.015005756000391002,1.3621191460000532,0.01208973499979,0.016362020999622,2.944131838999965,5,88.84160820684241
B,calif,xgb,native,2000,1,8971406.0,0.034793616999991006,0.089982379000048,1.191533359999994,0.06088810899973301,0.011332655999922002,1.385878961000229,0.0008358410000250001,0.001330051999957,1.80241194500013,5,85.97672621713154
B,calif,xgb,native,2000,32,8971406.0,0.034793616999991006,0.082145957999728,1.201675453999996,0.058577108000008,0.014338108999709002,1.3988633269999562,0.004777130000093,0.005519174000255001,2.221967487000256,5,85.90370701740711
B,calif,xgb,native,2000,1024,8971406.0,0.034793616999991006,0.08496616000002101,1.183692938000149,0.058574042000145,0.06949119299997601,1.4319875959998831,0.062215552999987,0.103770378999797,9.175323587000094,5,82.66083737782918
B,calif,xgb,onnx,100,1,362333.0,0.034793616999991006,0.080635614000129,0.043236414000148,0.015476630000193002,0.0007414309998230001,0.181712663999745,1.679899969531106e-05,2.7663999844662616e-05,0.23136961199998002,5,23.79383640548502
B,calif,xgb,onnx,100,32,362333.0,0.034793616999991006,0.083107477000339,0.042704727999989006,0.014739813000232001,0.000677108000218,0.175432489000624,0.00013817299986800002,0.000165499000104,0.23517919799996803,5,24.342542389532596
B,calif,xgb,onnx,100,1024,362333.0,0.034793616999991006,0.11087443600035801,0.06051748999971,0.021616299000015,0.0055032719997140005,0.23595568099960704,0.004788348000147,0.005238174000169,0.811929599999984,5,25.64782070231689
B,calif,xgb,onnx,500,1,1815293.0,0.034793616999991006,0.08237842700009401,0.049002822000147,0.071200769999904,0.0007194859999790001,0.2382314969999,3.433399979257956e-05,5.982599986964488e-05,0.295289606000096,5,20.569413623828073
B,calif,xgb,onnx,500,32,1815293.0,0.034793616999991006,0.08094408799979601,0.043142037000052,0.063742070000444,0.0013649060001620001,0.226383532000793,0.000646538999717,0.0007554430003430001,0.34998072400003305,5,19.057056234947726
B,calif,xgb,onnx,500,1024,1815293.0,0.034793616999991006,0.09151954900016701,0.046005964999949,0.06689854500018501,0.018138617000204003,0.2539386520001001,0.01712349499985,0.021965428999919,2.17669094699977,5,18.11696039086278
B,calif,xgb,onnx,2000,1,7298875.0,0.034793616999991006,0.08721086800005601,0.045419162000143,0.25425993299995703,0.001108825999835,0.424546663999875,0.000233122999816,0.000346321000051,0.52578645099993,5,10.698273205641389
B,calif,xgb,onnx,2000,32,7298875.0,0.034793616999991006,0.120802118000028,0.064507121999668,0.37742334299991803,0.004313271999762,0.602204986000172,0.0036295290001360004,0.003924648000065,1.067382117999841,5,10.711821306582403
B,calif,xgb,onnx,2000,1024,7298875.0,0.034793616999991006,0.082560688000285,0.042824258000109,0.23975886699963603,0.065455120000024,0.46979655600068604,0.066035317000114,0.074300313000094,7.196036110000023,5,9.115489982443904
B,calif,xgb,pickle,100,1,473262.0,0.034793616999991006,0.092513426000095,1.151129875000151,0.005464236000079,0.001923186999647,1.2737376910007452,0.00035480600035900004,0.0005371460001690001,1.669408790000034,5,90.37417068939335
B,calif,xgb,pickle,100,32,473262.0,0.034793616999991006,0.082178282999848,1.159568915999898,0.004505397999764,0.0016477150002170001,1.283528298000304,0.0004898719998890001,0.00067409300027,1.674852013000418,5,90.3422945802184
B,calif,xgb,pickle,100,1024,473262.0,0.034793616999991006,0.08154108700000501,1.189120442999865,0.004690914999628,0.003868194000006,1.312081761999591,0.0027132219997830003,0.004757293999773001,2.102179827000327,5,90.62853226369559
B,calif,xgb,pickle,500,1,2260628.0,0.034793616999991006,0.07991602699985301,1.170714867000242,0.019612036000125,0.00203750799983,1.305457959000135,0.0005015670003550001,0.0006689900001210001,1.670733385999938,5,89.67848094448831
B,calif,xgb,pickle,500,32,2260628.0,0.034793616999991006,0.08983386299996701,1.284027838999918,0.020235364999734003,0.00308856599986,1.433367635000534,0.0011671229999590002,0.0014481299999710001,2.006672081000033,5,89.58119380164739
B,calif,xgb,pickle,500,1024,2260628.0,0.034793616999991006,0.087897929000064,1.23938552599975,0.020326418999957,0.014275105999786,1.409656933999825,0.012336608999703002,0.014924238999810002,3.030450476000169,5,87.92107470312375
B,calif,xgb,pickle,2000,1,8981606.0,0.034793616999991006,0.081723594000322,1.176880428999993,0.07819131099995501,0.0032091590001070004,1.374768510000079,0.0009414169999210001,0.0016097200000330001,1.797349098000268,5,85.60571619435227
B,calif,xgb,pickle,2000,32,8981606.0,0.034793616999991006,0.092083980000097,1.182826647000183,0.07601622499987501,0.007815566999852001,1.398687426000264,0.005427518000033001,0.006746785999894001,2.260408592000203,5,84.56690358493005
B,calif,xgb,pickle,2000,1024,8981606.0,0.034793616999991006,0.083793506999882,1.193290159000298,0.076011230999938,0.06322875400019201,1.448528040000723,0.061910679999982,0.10124775299982501,8.838579520000167,5,82.37950015794672
B,covtype,cat,joblib,100,1,429257.0,0.034793616999991006,0.082019605999448,1.759441431000596,0.0016660289993520002,0.00410649099922,1.885035894000678,0.000509888999658,0.000639288000456,2.405142208999677,5,93.3372906372871
B,covtype,cat,joblib,100,32,429257.0,0.034793616999991006,0.093922201000168,1.7164171360000182,0.001671924999754,0.005020429999603,1.863254579999078,0.0006385500000760001,0.000742292999348,2.434788272999867,5,92.11930320336941
B,covtype,cat,joblib,100,1024,429257.0,0.034793616999991006,0.08197451199976001,1.704100002999439,0.0015844770005060001,0.006778094999390001,1.8291953159986163,0.002701919000173,0.00420847100031,2.562394861999564,5,93.16118339550395
B,covtype,cat,joblib,500,1,2106962.0,0.034793616999991006,0.081166482999833,1.680042194000634,0.004492592999667,0.0041219729992,1.8295479729994177,0.000547079999705,0.000622337000095,2.35943451500043,5,91.82826680659927
B,covtype,cat,joblib,500,32,2106962.0,0.034793616999991006,0.078099491999637,1.6991442649996311,0.0032699359999240002,0.005281678999381,1.820621919999096,0.0008295409998020001,0.0010720270001910001,2.344969499000399,5,93.32768359728827
B,covtype,cat,joblib,500,1024,2106962.0,0.034793616999991006,0.08047458700002601,1.6957143480003651,0.003240441000343,0.00877182000022,1.8241867890000072,0.004830262999348,0.00617285699991,2.765137964000132,5,92.95727598871227
B,covtype,cat,native,100,1,427928.0,0.034793616999991006,0.07979288299975401,1.684067390000564,0.0025800909997990003,0.003693826000016,1.8078106060009962,0.000387008999496,0.00045399899954600006,2.288803123999969,5,93.15507854696345
B,covtype,cat,native,100,32,427928.0,0.034793616999991006,0.07793317100004,1.679350323000108,0.001964051999493,0.004471042000659,1.797775005000288,0.000500040000588,0.000615998000284,2.29426343599971,5,93.4127083939427
B,covtype,cat,native,100,1024,427928.0,0.034793616999991006,0.077745172000504,1.681810824999956,0.001958888999979,0.006024166000315001,1.8015029240003722,0.002124511000147,0.0026133689998450002,2.468419953000193,5,93.35598641524095
B,covtype,cat,native,500,1,2105632.0,0.034793616999991006,0.07776257299974501,1.702536890999908,0.006028298999808001,0.0055777079996910004,1.823334010999927,0.00043812900003100004,0.000535078999746,2.305578127000444,5,93.37493189556788
B,covtype,cat,native,500,32,2105632.0,0.034793616999991006,0.08134133399926201,1.682771964000494,0.0046459369996220004,0.004764950000208001,1.8048533489999248,0.0006833699999330001,0.0008046710008780001,2.327662056999543,5,93.23593880538402
B,covtype,cat,native,500,1024,2105632.0,0.034793616999991006,0.09103587099980301,1.729905492000398,0.004749455999444,0.008504065000124001,1.8679967410006373,0.004045964999932,0.005805552000310001,2.772326751999571,5,92.60752195283449
B,covtype,cat,onnx,100,1,890410.0,0.034793616999991006,0.115061804000106,0.060001111000019,0.038078357999438005,0.0007391669996650001,0.25304552299974004,2.7491999389894776e-05,5.120700006955304e-05,0.35153309899942503,5,23.71158765771985
B,covtype,cat,onnx,100,32,890410.0,0.034793616999991006,0.11852678700051901,0.042057044999637,0.024687084999641003,0.0009148990002350001,0.220387299000207,0.000257280999903,0.000331195000399,0.314432268000018,5,19.08324354009053
B,covtype,cat,onnx,100,1024,890410.0,0.034793616999991006,0.078706659999625,0.04215472100077,0.024493373000041,0.00889529699998,0.18956603400044703,0.007687596999858001,0.008855060000314,1.028206529000272,5,22.23748638464979
B,covtype,cat,onnx,500,1,4637651.0,0.034793616999991006,0.080708825000328,0.04413946799922901,0.11196858199946201,0.0009355060001320001,0.26939204999950705,6.083399966883008e-05,0.000106765000055,0.337802045999524,5,16.38484431864629
B,covtype,cat,onnx,500,32,4637651.0,0.034793616999991006,0.08204062300046601,0.04212234499937,0.10687929399955401,0.002284253999278,0.27146792900009303,0.001216665999891,0.001340152999546,0.450537802999861,5,15.516508765702325
B,covtype,cat,onnx,500,1024,4637651.0,0.034793616999991006,0.08076762700056801,0.042850469999393,0.10666247400058601,0.037649480000254004,0.30139447799944896,0.03674724999928,0.058190651000586006,4.6383881539995855,5,14.217403810388108
B,covtype,cat,pickle,100,1,429257.0,0.034793616999991006,0.09510268299982201,1.7479721039999272,0.0014043569999550001,0.0043036450006180005,1.913681099000198,0.000513463999595,0.0006471130000130001,2.423600238999825,5,91.34082501588978
B,covtype,cat,pickle,100,32,429257.0,0.034793616999991006,0.081113000999721,1.7166287629997892,0.001130560000092,0.004999449000024,1.849733638000428,0.000656636999337,0.0012228589994260001,2.377793189999465,5,92.80410583090624
B,covtype,cat,pickle,100,1024,429257.0,0.034793616999991006,0.079826453999885,1.707563434999428,0.001204246999805,0.009233202000359,1.833725807000404,0.0026795100002340003,0.003091548000156,2.592101346999698,5,93.11988894308296
B,covtype,cat,pickle,500,1,2106962.0,0.034793616999991006,0.08038831199974,1.701145117999658,0.0033782760001480005,0.005939249000221,1.823542303999487,0.0005626969996220001,0.000720775000445,2.397332518000439,5,93.28794370542536
B,covtype,cat,pickle,500,32,2106962.0,0.034793616999991006,0.07959429400034401,1.687000643999454,0.0028099910005030004,0.005224992000876,1.807951891000697,0.000821441999505,0.0009102670001080001,2.325859055999899,5,93.31004062645181
B,covtype,cat,pickle,500,1024,2106962.0,0.034793616999991006,0.07804044699969301,1.678575285999613,0.002808951000588,0.008804424999652,1.801445194999244,0.004908662999696001,0.008193872000447001,2.755501695000021,5,93.17937013345096
B,covtype,lgb,joblib,100,1,2398912.0,0.034793616999991006,0.081681995000053,2.029861649000395,0.023731669000426003,0.005170712999643,2.184361802999204,0.0014841820002400002,0.00165098699972,2.826692588000242,5,92.92698884467423
B,covtype,lgb,joblib,100,32,2398912.0,0.034793616999991006,0.079186914000274,2.078446901000006,0.023431508999692003,0.006417804999728,2.220613304999799,0.002549500999975,0.00465078399975,3.035737640999741,5,93.59787660104082
B,covtype,lgb,joblib,100,1024,2398912.0,0.034793616999991006,0.091086190000169,2.083547876000011,0.022925850000319003,0.035325280000051,2.253812694999735,0.032450055000026005,0.048410305000288006,6.405872502999955,5,92.44547608692282
B,covtype,lgb,joblib,500,1,11324032.0,0.034793616999991006,0.08042098199985001,2.282274543999847,0.116497521000383,0.006079004000639001,2.596915879999754,0.002762251000604,0.003367936999893,3.769893634999789,5,87.88403819996138
B,covtype,lgb,joblib,500,32,11324032.0,0.034793616999991006,0.091484919999857,2.254953674000717,0.11785066299944401,0.013884070000131001,2.5409351770011868,0.009821521999583001,0.013324773000022001,4.132610567000484,5,88.74502956277755
B,covtype,lgb,joblib,500,1024,11324032.0,0.034793616999991006,0.08314160899954001,2.147488509999675,0.11980411500007901,0.291574273999685,2.675215058999013,0.25798855800076104,0.518058421000205,34.185344215999976,5,80.27349064053199
B,covtype,lgb,native,100,1,2396673.0,0.034793616999991006,0.08332308899980401,2.139077282000016,0.032245713000065006,0.0005615469999610001,2.286589289999822,0.000122915999781,0.000177907000306,2.798430971000016,5,93.54881925473299
B,covtype,lgb,native,100,32,2396673.0,0.034793616999991006,0.08148907699978701,2.097290288999829,0.032174052999835,0.0020566739999590003,2.249460893999978,0.001677057000051,0.002071790000172,2.943242373999965,5,93.23524114573247
B,covtype,lgb,native,100,1024,2396673.0,0.034793616999991006,0.08019239500026701,2.161039385000094,0.032438998000088,0.052021477999915,2.3931680079994044,0.047691539000425005,0.065519585999936,8.437661086999924,5,90.30036243910176
B,covtype,lgb,native,500,1,11321795.0,0.034793616999991006,0.08419888200023701,2.227883260999988,0.11459037700024001,0.001259605000086,2.476597240999466,0.000510198000483,0.000592790999689,3.030942272999709,5,89.9574312737623
B,covtype,lgb,native,500,32,11321795.0,0.034793616999991006,0.08962255799997301,2.340891416999511,0.12900238499969402,0.015541488999588002,2.658911037999927,0.014240179999433,0.016932796000219002,4.841309972999625,5,88.03947870179081
B,covtype,lgb,native,500,1024,11321795.0,0.034793616999991006,0.08408661799967301,2.126026556000397,0.115167466000457,0.430411504999938,2.803967546999841,0.426353109000046,0.541864757000439,48.266541863000384,5,75.82208140301694
B,covtype,lgb,onnx,100,1,1613780.0,0.034793616999991006,0.080390082000121,0.043604864999906005,0.053381282000373,0.000772301999859,0.21555193099936504,4.1955000142479555e-05,6.262299984882702e-05,0.277728177999961,5,20.22940123882929
B,covtype,lgb,onnx,100,32,1613780.0,0.034793616999991006,0.081287459000122,0.041395614000066,0.05413947199986,0.0018420739997960002,0.212502389999711,0.001057722000041,0.001249895,0.388774775000001,5,19.48006984774256
B,covtype,lgb,onnx,100,1024,1613780.0,0.034793616999991006,0.08657401499976901,0.042931399999815004,0.055279569000049,0.030248606999975003,0.257201424999832,0.029563995999978002,0.044661678000011,3.430720821999784,5,16.691742668160973
B,covtype,lgb,onnx,500,1,7532626.0,0.034793616999991006,0.07957036100015101,0.042971642999873,0.28164787500008903,0.0015079120003060002,0.44047225600013307,0.000393164000342,0.00044876199990500005,0.546201035000194,5,9.755811498797332
B,covtype,lgb,onnx,500,32,7532626.0,0.034793616999991006,0.0816611500004,0.042928715000016,0.26977087899922403,0.006496259000414,0.44283989199982204,0.005728527999963,0.006367295000018001,1.095662263999656,5,9.693958420537518
B,covtype,lgb,onnx,500,1024,7532626.0,0.034793616999991006,0.08034736299941801,0.04293432500071501,0.278208415000335,0.151420678000249,0.586946231999602,0.149323679999724,0.23962272900007503,17.370675088000098,5,7.31486508644017
B,covtype,lgb,pickle,100,1,2398713.0,0.034793616999991006,0.078552001999923,2.071529356000155,0.024276100999941003,0.005200888999752001,2.2246385129996016,0.001509293999788,0.0017552849999440002,2.89831320400026,5,93.11757141195038
B,covtype,lgb,pickle,100,32,2398713.0,0.034793616999991006,0.081940264999957,2.055987994999668,0.022786456000176,0.006291996000072001,2.201324236999765,0.0026690920003600003,0.006039784000222001,3.0344983089999,5,93.3977812283492
B,covtype,lgb,pickle,100,1024,2398713.0,0.034793616999991006,0.083931545999803,2.06454779500018,0.022619033999944003,0.034863133999806,2.239500025999744,0.031734654000047005,0.050362901999960005,6.512185236999812,5,92.1878888605298
B,covtype,lgb,pickle,500,1,11323837.0,0.034793616999991006,0.08868169900006201,2.09189480499981,0.11682555500010401,0.005902931000036001,2.3513822469989223,0.00238045900005,0.0030333119998430004,3.109404825000183,5,88.96447218097792
B,covtype,lgb,pickle,500,32,11323837.0,0.034793616999991006,0.08118132199979301,2.085248837999643,0.11677843600000401,0.013928928000041,2.3411290879997733,0.009958434000054,0.012951369999882001,3.935623153000051,5,89.07022037735003
B,covtype,lgb,pickle,500,1024,11323837.0,0.034793616999991006,0.080018154999834,2.100669126999946,0.121120512999368,0.25257785299982,2.582888825999701,0.25285606899979,0.516003233999981,33.39029393999954,5,81.33021854654882
B,covtype,xgb,joblib,100,1,1776909.0,0.034793616999991006,0.091403005000756,1.2086253130000841,0.029683314000067,0.002522968999983,1.403382150000537,0.000558990999707,0.0007890500000930001,1.823919911000302,5,86.12232334575593
B,covtype,xgb,joblib,100,32,1776909.0,0.034793616999991006,0.08476120800060001,1.195495480000318,0.021332719999918003,0.00306165999973,1.340992352999704,0.001399368999955,0.002153558999452,1.840846713000246,5,89.15005945604983
B,covtype,xgb,joblib,100,1024,1776909.0,0.034793616999991006,0.09875726100017301,1.25681073800024,0.021303112999703,0.019888150000042,1.4136396879993052,0.016373618000216,0.020490182000685003,4.082224101000065,5,88.90601676435514
B,covtype,xgb,joblib,500,1,8944283.0,0.034793616999991006,0.07904930999939,1.150114777000453,0.10769026999969301,0.0039039370003590003,1.387396390001299,0.0018012020000240001,0.002472124000632,1.87399849600024,5,82.89734536496638
B,covtype,xgb,joblib,500,32,8944283.0,0.034793616999991006,0.08114939400002101,1.135091723999721,0.104168501000458,0.008955026999501,1.3647572190001238,0.007398630999887,0.008419935999882,2.461626514999807,5,83.1716959029046
B,covtype,xgb,joblib,500,1024,8944283.0,0.034793616999991006,0.078379970999776,1.158242237999729,0.10303152899996301,0.099975307999557,1.4736539809990732,0.093013477000567,0.160806531000162,12.958463738000319,5,78.59662125124456
B,covtype,xgb,native,100,1,1766564.0,0.034793616999991006,0.08357013699969601,1.156660907000514,0.017450649000238003,0.002030761000241,1.290666997000583,0.000395485999433,0.000526918000105,1.6799523489999042,5,89.61729940321635
B,covtype,xgb,native,100,32,1766564.0,0.034793616999991006,0.08289434800008101,1.1567260779993371,0.017379494000124,0.0030248260000000004,1.2929499659993533,0.001166572999864,0.001407525000104,1.738967257000695,5,89.46410212442171
B,covtype,xgb,native,100,1024,1766564.0,0.034793616999991006,0.080178049999631,1.153265681000448,0.01768200800052,0.017232751999472003,1.300852739001013,0.015830233999622002,0.019578790999730002,3.241147168999305,5,88.6545914402345
B,covtype,xgb,native,500,1,8933936.0,0.034793616999991006,0.078256974999931,1.12408980300006,0.076547399999981,0.015794836000168,1.339616520000048,0.0012114470000590002,0.0016884329997990002,1.778061787999831,5,83.91131239558165
B,covtype,xgb,native,500,32,8933936.0,0.034793616999991006,0.07710300200051201,1.116094013000292,0.075472563999937,0.020088614999622,1.32415315100013,0.006574287000148,0.00805963699986,2.298522166000111,5,84.2873811203265
B,covtype,xgb,native,500,1024,8933936.0,0.034793616999991006,0.078829033000147,1.1220658000002,0.075775700000122,0.10477876400000201,1.4137870670000419,0.093210472000464,0.162989018999724,12.908399630000531,5,79.36596862363055
B,covtype,xgb,onnx,100,1,1236255.0,0.034793616999991006,0.110998476000531,0.058211702999869004,0.061684442000114005,0.0009193629994110001,0.267175747000575,5.3042999752506155e-05,7.194699992396636e-05,0.36282240199943705,5,21.787794608372042
B,covtype,xgb,onnx,100,32,1236255.0,0.034793616999991006,0.125581970999519,0.06102068199925201,0.06373085099949001,0.0021297819994280003,0.293763885999281,0.001282813000216,0.0014316589995360001,0.506913391000125,5,20.772016203312806
B,covtype,xgb,onnx,100,1024,1236255.0,0.034793616999991006,0.07948957499957,0.043059323000306,0.056188580999332,0.027510644999892003,0.237293647998624,0.025442004000069,0.040184423000027,3.088102773000173,5,18.146007431499257
B,covtype,xgb,onnx,500,1,6337442.0,0.034793616999991006,0.077684789999693,0.043355239999982004,0.24525320900011102,0.0015197849998,0.402735796000226,0.000372677000086,0.00041836999935100004,0.5029804630003121,5,10.765181647761372
B,covtype,xgb,onnx,500,32,6337442.0,0.034793616999991006,0.077778732000297,0.041532321999511006,0.24856408100004002,0.005895041999792,0.407992229998738,0.005313483999998,0.005749919000663,1.003816470999481,5,10.179684549296312
B,covtype,xgb,onnx,500,1024,6337442.0,0.034793616999991006,0.083814331000212,0.042623172000276,0.24756547000015403,0.14673581199986002,0.556618230999332,0.14849397200032402,0.22559419399931302,17.419173338999826,5,7.657523528065531
B,covtype,xgb,pickle,100,1,1776884.0,0.034793616999991006,0.083175011000093,1.1614712009995851,0.019530265999492,0.00226384599955,1.2972520669990202,0.0005487260004880001,0.000661232999846,1.691775246000361,5,89.53319332043603
B,covtype,xgb,pickle,100,32,1776884.0,0.034793616999991006,0.085333747999357,1.170936241999697,0.019750720999581,0.0030691550000480003,1.3091782829986849,0.001354232000267,0.00166498100043,1.856877113000337,5,89.44054886991073
B,covtype,xgb,pickle,100,1024,1776884.0,0.034793616999991006,0.081866408999303,1.149854631999915,0.018875636999837003,0.017688253000414,1.300463837999698,0.016162335999979002,0.018414959000438002,3.291341518000081,5,88.41880861282219
B,covtype,xgb,pickle,500,1,8944258.0,0.034793616999991006,0.079910719000508,1.147184641999956,0.096176424000077,0.003921390999494,1.369908389999976,0.0014338470000430001,0.002355620000344,1.866123563999281,5,83.7417049471444
B,covtype,xgb,pickle,500,32,8944258.0,0.034793616999991006,0.087351711000337,1.135765263999928,0.09719954200045301,0.008612168000581,1.364074799000148,0.006941102000382,0.008194363999791001,2.385965565000333,5,83.26268213681769
B,covtype,xgb,pickle,500,1024,8944258.0,0.034793616999991006,0.07899008299955301,1.121094023000296,0.098167655999532,0.094112574999599,1.4298819429994851,0.09318700600033401,0.162034768000012,12.931215041000542,5,78.404656306699
